id,pred
6414100192,474393.405
6054650070,399835.513
16000397,197181.583
2524049179,1425346.311
8562750320,599679.922
7589200193,509361.714
9547205180,739031.912
1432701230,225632.191
8035350320,546069.901
7231300125,434108.526
2799800710,313010.182666667
8079040320,391136.33
5072410070,485128.532
1189001180,518513.398
3253500160,653355.608
1274500060,202102.229
1525059190,1439994.56633333
8820901275,536232.037
4036801170,448681.51
2391600320,480770.24
6300000287,371582.971
9418400240,379513.523
1332700270,304372.681
3422049190,287435.76
1099611230,199122.578666667
3530510041,216836.574
9545230140,593246.11
6126500060,513701.674
8961960160,524926.473
3626039325,899155.29
4060000240,219264.133
6675500070,402800.661
3524049083,381435.895
4058801670,455589.352
921049315,246738.813
4232901525,517207.655
1777500060,672577.047
8075400570,329807.595
7855801670,1533526.66666667
7920100045,345759.769
6388930390,793874.017
8731900200,296152.79
84000105,280342.174
3756500060,419728.61
3574800520,423893.076
1836980160,736131.262
1999700045,316871.649333333
1954440060,540489.784
7796450200,272571.324
7549802535,514883.994
3278600320,476183.592
3542300060,242039.743
2222059065,341381.998
6300000550,563027.172
7202340400,488241.153
3677400445,571546.722
8029510030,387930.538
2025069065,1813509.374
5127001620,313144.728
1400300055,315883.454
7974200510,484411.826
7960900060,2668620
6378500125,365859.626
4215100060,390803.663
7424700045,1661749.4
7214810350,450183.266
9297300045,871394.516
3260800030,334960.873
3416600800,928920.122
1860600135,1582956.8
2597650240,504854.995
3530210260,720789.077
3179100060,1099109.114
4268200055,299961.723
6414100671,460697.688
7325600160,212948.366
2757000030,873602.485
616000140,328641.157
9262800171,262193.512
6607000126,482257.159
8856950070,326908.92
6116500075,539357.976
1118500030,857635.689
424069250,634490.485
2231500030,353496.857
1545804860,256153.332
8651600160,838025.94
7375300160,611928.899
5175800060,538677.372
1151100070,444222.564
8856950240,327648.685
936000060,381292.825
1324059104,650742.978666667
7702010030,588723.05
1742800030,730934.441
1843100340,370263.522
7282300125,302244.752
3629920030,441542.927
2205700350,468364.95
9238901420,450390.48
1432400335,218098.763
7453000070,238611.519
4348800030,729682.166
7202331420,651196.498
1521069070,212016.579
622049114,2615034.352
7899800860,273080.263
2473420140,356568.031
4025300135,398901.306
4376700570,636282.948
1921069084,445477.736
2436701180,729630.823
1714900060,466145.645
3876300310,442746.994
9542830350,304010.041
8651100140,1119519.3
6865200444,481390.599
5631500868,552666.213
7548300731,635825.313
7212652180,311944.813
4140090320,578811.036
7852180340,441590.285
2490200320,492409.906
2586800270,235239.9
3226200105,384960.779
9412200260,435161.026
2525500260,320841.356
6067910030,677929.911
3558900070,528397.249666667
3013300288,608534.014
2346200030,833482.415
1321710030,342247.985
1566100400,397656.447
5450900060,1684946.4
2013200390,280912.425
766500030,264634.476
3832200070,251836.276
3793500550,308271.407
6431000270,450020.147
4021100045,516961.398
9346980140,586591.165
826069046,614185.413
1771000890,337170.23
9277200111,648259.563
579003610,603236.411
3432500200,303459.987
8682300890,687864.304
9273200140,1701646
9542300320,838797.699
8856940060,369186.664
2972300060,382980.608
8146100270,847365.13
2612000390,322518.260666667
3191000240,438508.114
8731901940,265159.949
2688100071,445366.36
2608300030,365341.906
1623049062,164830.481
3885805935,706532.149
3904980030,496364.826
6067900060,607234.745
1421069208,433559.954
5014600240,719912.345
2061100570,626533.897
5066400483,240503.630333333
8682262400,443467.457
4164100160,459859.534
2359300030,499623.092
6403310060,498460.866
4039300400,476802.714
2110200036,707229.12
1387300070,347753.399
2324800070,733618.1
2460700260,302728.864
3224800075,226951.477
739980260,306869.191
2465400036,877316.278
3395070640,326852.128
65000400,567811.002
8712100575,1049009.299
6203000160,502087.98
8691300860,749498.531
510002065,645477.906
4298100070,633139.152
1842000140,353201.155
5462100240,197476.096
1455100116,502014.241
1703050200,678737.261
100600860,184087.508
421049116,225769.814333333
1777500160,884391.598
3904910320,502741.206
461004720,589750.954
4310700570,353489.964
2025700860,279315.77
1370804430,588253.144
2267000160,501768.826
2424059035,902996.4
7215722010,499668.736
2892600016,195762.480666667
5255710160,482554.097
5309101200,683831.459
3524039204,999170.931
809001070,735575.879
8699800060,276274.036
9834200885,441201.096
2473002080,453414.375
1081300370,356524.12
2484200171,716845.116
7202290160,457025.887
2197600451,568227.658
2505500030,1210732.868
2770604942,826851.286
7831800505,302400.182
255520260,741805.635
3450300240,318689.207
3324069070,414361.28
4427100030,378889.02
2171400126,269646.592
9554200105,615453.068
3320000810,424147.967
2537500140,752921.068
809002435,733219.816
7137960030,269194.862
7880010060,663598.772
3901100055,392094.33
1541700240,323793.347
3523029041,338772.867
7853210140,363666.502
9465910320,571930.2
6149700350,334194.718
9455200570,624421.931
3996900160,253388.723
5561400340,782556.718
5458300685,511761.266
3885804305,885214.273
2770606685,509825.255
6321000045,1896961
613400030,380231.095
6117501820,243983.039
4140900140,428304.448
5166700055,555500.306
8691300060,900113.724
8682281170,479769.756
7636800041,1514528.276
9477500060,460693.627
8079030350,472872.213
567000392,353907.084
9828700200,883917.03
7625702400,383048.235
3365900465,230195.345666667
6073500160,437013.359
9393700140,441222.7
8682230550,424185.965
2130702075,268275.384
2878600200,505681.003
3459700340,560145.225
7558700030,3683750
3630180340,819064.727
5104450070,413215.164
4139440830,846579.804
6300000335,675301.536
3731800055,445433.808
2423020260,499167.619
5589300370,314642.175
3526039116,625115.516333333
7812800310,218610.164333333
8681660060,579686.03
2592210160,682463.553
8078460550,649443.34
2710600070,519751.103
5100401414,428312.851
5631500254,561350.275
8567300140,564831.753
5003600240,304415.884
6052401631,271240.62
9122001231,723417.533
952000055,488844.502
4292300024,353411.841
9238450160,349798.124
6127600036,768693.572
319500570,723152.395666667
2481630070,955892.513
9178601000,640415.679
9471200370,1898897.01
339350070,670653.678
8907500070,4018530
8651430560,183127.613
2228900270,266389.633
5457300703,716889.925
3630120700,760227.549
7941140070,387877.186
7202290140,451689.879
8562900710,662668.674
8888000055,492101.932
2207200520,402438.758
4324200060,275236.143
4136930310,362323.185
3705000060,298222.574
8121500060,666992.35
6003501535,629895.602
1115300270,825755.887
1769600204,431428.272
7852160070,1107251.735
7214700160,485507.775
7932000041,621536.082
7522500070,563683.601
7300410060,283079.179
3959400135,374917.24
3303100075,472560.979
4221270340,625785.85
1471630350,346158.642
1250203335,1142479.068
5315100737,1038792.12
2130702205,377267.536
3021059244,216323.838333333
1422300140,484736.729
7960100260,496717.204
8100000060,220466.813
1310500550,301874.044
4213910030,414728.469
8645500160,290915.591
7922800320,604984.536
6082400260,229492.953
6181430800,360490.098
3649100473,343782.666
2011400791,256175.142
7549802030,395606.473
7511210310,778111.985
2005300140,274592.662
9521100960,818493.449
2320069248,227937.504
3971701922,377557.176
4055700955,1121705.091
2767604247,433160.875
3356406510,223824.27
7701990700,809948.309
8835200800,285338.553
424069264,721498.203
1336300445,1269673.7
6699930550,351821.7534
1020069017,403913.516
3205000310,405093.756
5021900140,1858148.7
8099900260,566027.959
4307350520,459005.482
3856904740,446001.495
1180002378,317022.967
2113700060,383410.405
2944500710,309200.3
1549500370,329845.539
8911000030,387362.177
2481630200,849710.725
7148700160,384849.657
2925079012,695440.881
185000118,298131.576
3356404330,220282.052
3303980520,1105368.242
1337300070,1495935.1
3013300510,371463.82
6141600140,551786.995
8643200055,267763.75
3931900295,734394.817
7365600070,862107.843
6052400575,225663.691
6117501176,558973.669
2592400140,442454.264
7135300046,275960.209
9560700055,710867.086
9151600695,765572.215
2591020140,465096.358
1387301360,458265.19
1887500045,268081.231
5505700055,522210.865
3319500922,322430.056
3404700041,518659.65
9265700045,390466.95
2548100140,331714.137
3876300890,478486.084
7203101260,435348.324
4027701275,307414.194
3664500041,385134.257
3905010140,763378.671
6127010800,593648.405
3398800055,2066157.5
3279000070,218093.537
1402000070,384416.199
4045500510,357929.672166667
4123810140,347395.77
6430500186,629275.338
8637100370,251624.887
8952900260,465172.3
2968800626,331151.715666667
8965500320,707708.371
7298020240,438125.559
993002325,435728.33
179000350,205929.267
3915500045,195878.608
4319200505,512010.818
1337800045,706967.474
2207500695,852000.713
7203102080,296568.86
7702600160,449429.968
534000075,357303.8
4215250030,657507.937
3395040550,307584.148
9471200200,2336060
5469700260,411345.412
1118001370,1339238.188
2155500030,331128.143
1895450200,304752.69
6632300478,365019.994333333
3066400140,638092.096
8699100240,312013.277
8691350200,845632.232
3623500260,960142.425
1336800160,980849.324
9407150240,276939.346
4139420070,1188065.69566667
2568300132,517770.363
2767601031,579373.3
4142450510,301892.517
7893203450,220780.486
3225069239,1011676.833
9280200030,572330.174
251200240,468199.956
2326059082,602787.06
2591010240,405610.114
9551202025,664919.591
2592400550,455274.175333333
5249804510,497560.534
4219400520,1235927.81
9510900070,264331.348
2473381090,333123.238
6378500105,420164.375
7524950830,565679.226
2124069078,432047.564
5728000060,542157.956
4193500140,522300.336
7351000160,363256.727
1355200060,863756.551
1117200550,868891.363
5149300400,304154.817
4399200075,239201.155
1370804100,742768.05
2781260370,428665.084
2215902010,273942.053
1321970240,284821.042
8563000520,543437.61
3663000070,478539.831
3047700105,1143087.646
2976800550,240700.706
6151800070,345828.986
4037400295,570958.828
522049104,300462.61
8125200483,266844.518
2719100013,405331.409
2796100160,297197.635
4024101715,289636.764
4450700030,398326.51
2979800520,707385.737
6345000160,981107.514
3298201290,365128.256
8698600055,219546.924
3034200885,403596.673
2538400060,923031.288
3145600045,622574.325
2724069117,413724.791
3253500030,616515.024
3764650070,480953.514
1118000465,1706055.422
2944500340,288466.922
2517000700,334608.19
3185600055,437343.06
8902000267,619426.092
5710600030,529781.781
4443800810,482557.1
1330900570,597965.014
303000445,263244.765
8946750140,266151.361
7879600070,271717.895
8856970570,331824.767
9547205660,605484.625
1545800640,247896.631
7696600240,222538.753
8924100111,609195.319
8078350030,594567.162
6744700181,549072.604
6728700075,506547.484333333
3630180240,759128.536
5026900160,1223716.242
6300000693,289022.45
824059277,959790.14
3278601940,378611.14
4239400960,145186.445
7436300160,488922.046
7852150140,363525.368
1370800830,1620015.95
2175100055,2097390
7787400105,1401956.286
6414600260,325281.135
259600560,438327.481666667
2473390710,313138.265
7525100520,406043.154
8562900520,831357.804
7796600070,245116.664
4443800765,617160.094
3298720030,550926.484
1005000036,373087.364
765000060,392894.277
2126079046,374944.398
7228501580,616669.018
1822500160,343307.298
3123049320,395593.876
4123400320,497655.158666667
1232000810,501782.906
3996900295,306951.137666667
1471590060,726057.859
2558650200,459613.05
4322300340,246246.363
4137060270,322569.1
2021200058,755383.302
2126059276,601809
7856400240,1544795.46633333
3037200060,490891.33
292000070,857177.501
7452500340,279758.362
8078460810,618375.695
3584900160,568707.787
7132300550,433940.223
1422300160,418547.188
1796250140,368672.776
2624059036,1494885
1158700135,497761.596
1727510030,487508.739
1175000059,536550.784
8732000390,233410.01
1441800030,441423.532
486000565,1068590.76
6071900070,571579.867
4139500200,1389339.44933333
3580900160,327989.624
9407001610,334793.52
3204800520,411437.126
1432400060,198733.601
3076500830,322738.65
7227501369,351056.288
3352400004,180122.626428571
7555220140,801770.014
7436900045,401806.146
5016002180,894975.34
7851980260,1804868.33333333
3276180140,297739.783
9808590310,1293109.239
8965400390,855251.911
4038600260,595021.026
7215730310,708735.164
2795000060,724451.505
7888200240,221760.57
6384500581,556384.443
6690500070,681939.657
3205400140,377962.999
2325069117,956716.929666667
8663260030,470191.859
106000320,369812.862
7631200292,498871.85
9222400935,596073.135333333
5415000240,387686.301
567000755,453705.83
9294300615,860597.512
7625702350,497048.358
626059317,355713.731
9126100850,587440.938
5511600245,488751.777
3222079162,338423.432
7920100025,369275.456
1820069019,353606.532
1665400165,229582.599
2523069192,854354.953
9285800735,348471.884
9212900100,544701.854
8651611130,881682.854
5451200600,996551.15
2570300090,397233.778
4019300906,781083.27
1455600015,625954.084
3812400657,274540.58
7215721570,517633.299
9558200025,267071.18
7227501645,267703.589
9558800025,209863.231
6450302900,313022.992
1720069006,385153.804
7278100690,571425.923
3625049014,2765630
1193000025,629748.384
2744000100,272878.636
375000165,803697.35
121059147,419005.695
123039313,375181.866
8835220090,369770.646
9828701871,537129.705
9187200245,399861.318
9297800165,595897.764
148000375,794467.478
3396200300,504775.713
8901001185,508542.778
7745000090,515368.087
1771110090,346837.814
5083000375,218996.264666667
8143000600,317872.714
7130300690,361652.57
3693901801,508838.846
6744700302,571329.139
9358001566,369867.855
6381500690,377985.889
6021500245,451785.754333333
1692900110,1116204.21
3797002585,511585.852
1193000115,518146.985
8900000110,569221.433
221049191,348281.478
8820902540,444642.68
3438500625,297218.224
5360200054,250802.889
622069006,1288538.7
5151600195,290599.762
2641800015,219699.959
5035300750,805403.471
9510970300,798493.368
4019300195,938374.255
3828000405,181476.258
7773800015,555531.918
9829200590,933367.438
7663700261,401664.359
170000215,800440.695
9407102460,276560.623
114101500,340323.857
5100401429,438379.1845
9264921030,314336.984
8073000495,549173.334
6117500785,511122.016
8651511220,547478.248
6141100750,409434.986
2517100490,331193.956
4083801785,588578.76
2768301214,471736
2968801105,223550.053333333
952003480,442309.726
6979940100,799774.851
6909200037,350455.135
8024201270,387836.585
723049596,165035.605
4136980090,1010033.732
2594200375,425548.695
1125069064,675851.839
2028700265,516671.477
624110930,817178.681
1310980110,304037.861
2354300740,375600.266
3023049236,483002.068
9808700405,1159772.55333333
7334501250,349530.446
9818700215,472799.422
7215420590,497598.619
3343301910,1451917.252
9191201790,526446.917
4309710100,843468.486666667
686450490,585898.669666667
7409700215,643615.613
7409700215,649573.352
1796351080,232532.352666667
1938400300,298800.529
3904901450,478931.57
2724200705,185257.675
8122600245,374342.694
2473250850,313457.11
7523700245,232652.58
1765100025,249206.655
3410600015,222650.724
8078380090,579069.912
7132300042,369446.408
5742600090,422718.856
7212650850,270517.829
2935400100,518527.381666667
4054530090,836909.122
8807900236,354590.138
923000265,375695.109
1523059066,575988.028666667
1917300025,202628.234
3278602760,392388.792
192450300,320400.657
3356403820,165778.86
7518503200,481326.977333333
5469000100,393787.9
638100015,348729.779
5363200266,433432.67
5416510110,303991.664
808300490,420735.758
8121100015,396390.545
3423049311,239953.943
3693900245,453832.934
3204300090,570450.213
3824100246,460878.795
4058801240,334666.708
9550202870,545509.856
98000750,1091710.46
203100690,679346.26
3223059303,499925.288
522069097,368737.17
2023069059,726182.474
3578700017,585058.687
3449900090,456629.112
1137300900,769259.54
6648760100,287360.926
798000337,281310.388
2817800100,348475.494
6448000090,1532675.9
2221000100,302275.259
6145602355,423972.627
2825059256,850818.859
9272200090,1648457.605
7348200115,229789.448
9392500100,268929.101
104530490,249670.953
2141310490,637276.812
7571200110,336880.6
5072300100,514419.711
3342103148,467831.294
4400800061,477262.41
1151100165,272035.887
3574801790,392536.954
4302200535,231573.24
7527200110,555399.648
2813100100,568589.459
7523900300,337368.568
7334401450,321905.667
1023089228,325998.911
7697870600,253860.829
806800090,276740.474
2891100820,211168.365
7468900245,197265.574
8100900015,386045.116
2767601390,607121.177
7585000110,206457.852333333
822069112,1029298.802
1387301730,360056.964
4447300008,576543.791
7282900025,286920.299
2526059076,622642.843
9558040820,715253.785
2607740100,462398.034
687600110,926217.286
2473372250,351308.263
4389201250,2001450
2424410110,367752.471
9238500100,480266.636
686400930,682964.568
1523049209,216539.757
2540700110,2143548
3876301140,608253.512
3022059066,615936.265
2623069067,591194.15
723049156,257492.852
723049156,257492.852
8562400025,742617.105
5603800110,638663.748666667
5149300100,271850.36
3530540090,255193.511
8691400600,737714.145
5611000090,500552.826
2013800705,236044.798
3942900115,362622.193
2131701240,329964.373
8827901450,809958.717
4302200336,268001.695
9276201140,583857.001
2193310300,459694.415
2322069168,562319.511
7885800900,357125.699
9830200475,501665.807
2525000690,311432.49
1891100090,491788.946
7752000090,738132.029
1732800820,945913.24
1066600025,450505.524
7635801032,300870.058
2997800076,624796.229
1126059144,634699.029
8819900449,493022.565
7526800100,734434.268
3522900061,457705.935
795000820,210385.82
925059113,644990.136666667
9274201730,696179.304
1158700100,561030.06
224059111,471490.247
3592500985,1037984.629
1269200229,1140576.028
263000164,362326.942
722069232,769946.355
7525530100,1060722.065
1925059194,1040832.649
9828202215,677886.239
2767604580,571456.428
662310900,378424.707
1432600100,230492.819
2768301217,562139.731
7852020590,486011.72
8100000110,230653.891
2475901105,379520.793
8691360490,1113268.933
9175600025,2555958.876
5700003585,2114730
3278602490,418481.113
685000115,968600.672
5309100750,559478.034
9834200165,600120.02
8927600100,767060.604
2475200590,299199.942
3856905010,635361.896
3262300940,749953.27
3262300940,748816.159
985001015,165809.045
5101407370,436954.573
3830630090,243926.211
1898310110,250229.082
7140800100,181116.666
7202340930,660543.59
7140700850,362433.3185
522079067,564535.964
3824100051,414039.732
1787600252,369393.566
3260350090,623005.856
6139100056,408053.829
1796350690,245927.9
1257202120,497514.099
3987700115,437109.538
8682290100,418658.077
438000025,644726.773
87000283,369791.58
9523100459,576560.942
7345600755,319086.323
395300100,445690.6
1329300300,332681.731
8073000265,399595.843
952004745,384406.554
2724049076,375528.908
3834500195,498918.18
2619920110,774721.938428572
2868300115,321745.994
2771604226,581205.079
9551201295,499431.28
5452800735,800666.072
2902200015,880169.975
442000015,484210.998
4003000110,1036891.159
6163900301,335771.910333333
7202430110,764265.068
8732030490,292834.801
3856902250,601523.423
3359500755,563098.572
1796370930,259886.349
1761100300,214167.864
3157600615,343945.079
1235700042,661116.105
2320069206,227261.827
2122059160,358176.312
5416100110,365457.227
3432500705,402452.834
6150200375,281201.718
1626079066,323373.27
7738500475,459916.373
9353300600,325588.379
2492200956,387970.936
2719100042,537960.981
2610100015,314956.027333333
824059211,774756.24
6825100015,465279.437
5422560900,511297.665666667
2724089019,268692.907
3821000100,264588.608
524069019,1201992.237
7853290090,537429.144
6046401105,444319.588
2470100110,4602240
7574910490,848293.762
2725069085,790187.48
8718500495,431157.128
7202260300,617059.5
4232902615,595877.322
3585900495,1339961.425
2461900375,625204.748
8682301050,692712.06
426059055,602717.387
1568100386,318737.084
1454100056,385993.398
5035300090,579639.277
408100110,363250.832
5701700011,1362336
7017200110,452601.392
2126059048,370235.275
9353300090,293817.569
7202341110,644112.3
1565950090,388095.298
1724069059,2371363.3
7849200945,359124.055
7788000100,415009.141
1723049567,271980.22
621069039,323513.919
2767603931,507787.832666667
1982200015,577282.242
1839500115,324016.18
4389201064,871828.36
1545805820,249570.324
273800100,243708.778
3818700123,505260.972
7280300042,562257.41
3223069118,662100.634
3124089086,338792.358
7460000015,215589.641
2490200165,424583.25
3336001911,251896.922
7203600750,346947.922
3324069058,617535.151
7345310100,236742.587
8099800590,462207.772666667
6852700246,864704.382
9297300740,602819.896
5210200077,734950.911
3523029059,376052.896
1137300690,668172.405
1324049015,2193661.51
6798100652,324636.352
421000215,198265.902
3579700015,369540.402
1726069064,386326.78
859000110,211643.215
2322059039,310645.007
2313900740,374865.052
7224500090,193541.356
1133000100,440521.979
1189000645,732571.283
6821102350,379902.37
5104512070,401798.777666667
5249801720,399425.439
7575700015,781331.025
3529000930,580250.114
9562200090,935739.723
8091410930,287800.712
3313600266,207262.519
1180500100,324564.773
5101407305,340120.924
1370801585,1111137.868
4178300130,948884.735
7399301100,297880.958
8929000170,356041.62
8718500275,408932.081
411100020,346194.903666667
2011400019,315023.748
3288100290,640630.947
5145000190,341881.334666667
9536601045,218306.077
2525300480,200323.426
9831200500,2811090
7932000078,378468.586
6926700225,742638.933
8644210050,775312.903
2891000680,193363.795
5437820080,234201.07
7522500005,577250.275
9477100170,340484.43
7203220050,969845.06
6181430280,454573.3
7138000170,221165.601
5706200280,339766.041
8562800250,682418.345
3293400010,894314.619
446000190,815196.483
8805900430,894485.205
3629921060,748082.8
1331900020,921711.51
7852040080,512249.162
4154300275,374021.967
5438000280,372422.148
9201000480,559935.708
2212900470,209944.326
6600220080,411969.4185
121029034,570078.885
6117500430,657166.588
3630090050,744077.525
7701960130,823084.614
7203230010,966434.66
9572000080,336916.3405
3629870420,948688.249
1250203070,1021874.77
3343901403,535301.066
1136100006,369140.836
8078700020,516090.642
9528104985,536038.302666667
3158500250,301814.903
6918700130,735508.509
2473350470,324513.541
8564950250,536882.369
280610020,1220206.45
2483200010,659095.24
4365700130,347417.71
1370804295,651738.154
9547201155,528268.085
644000185,817461.768
1561930020,491794.491
7454000605,276871.843
1870400635,751808.091
8132700185,370074.185
3244500078,855293.103
2558660190,430044.115
4388000460,194751.285
4219400290,1026425.906
224069134,548405.783
6744700285,736691.15
2624049167,465543.302
8929000380,474875.978
2484200080,512972.674
5454000010,961176.403
7852010670,747104.48
8651510020,548838.967333333
510002995,632069.151
1683600130,227424.176
3327020290,285730.45
1086100130,570795.703
3530470190,207915.415
5049800005,379116.965
7140200280,266667.869
5525400420,657246.893
7787890050,538845.152
9526600250,789113.706
3705900130,399978.335
3904910050,504805.671
7856620050,698922.518
9320200050,1532252.96
6308000020,602292.456
1682000280,202501.629333333
1891100130,485870.137
3450300020,317770.602
3363900280,563854.885
624100950,764081.593
4100000050,635558.237
7871500345,698292.043
8857600680,216321.853
5452302195,672245.086
1775930010,430676.006
3329520170,215966.636666667
3797710010,322558.184
1074100020,325247.105
844000425,201226.968
6076500364,434836.004
31200020,901655.59
3303000130,401230.612
4441300440,562999.196
1898200080,361622.446
1140000050,219624.363142857
5561000010,524340.844
4204400098,386984.21
2131200766,409958.018
7760400480,258174.513
1126059007,659464.601
2896600020,411495.695
9282801950,259404.807
3501600185,450271.43
1068000235,1262861.932
2215901650,306057.084
3303980660,1108960.139
1862000010,917259.324
2768100545,463910.038
1790000080,354281.147
6746700605,601514.2
254000545,432145.661
1432400525,255982.442
7697800170,436781.83
6632900574,468481.991
6632900574,469899.741
7933510080,579058.594
8929000280,403542.844
2473450430,430283.797
4037000840,523189.823333333
6600250050,503265.362
6450304600,417240.69
1853200080,475153.258
4359100050,242303.501
5379806185,266675.28
2781200010,441952.001
269000221,801875.29
8731980680,281288.223
6817800840,420092.694
4077800029,757764.59
8860500130,385622.978
7129300595,258752.158
4322300010,252320.089
4140090420,496399.648
5101404144,596235.469
7338001190,179772.819
5480900010,754082.144
3528000545,838263.264
710300010,659498.827
2568200290,761497.757
6840701150,671861.516
1923000050,1524232.5
7305300500,302593.295666667
9413600420,813275.857
9151600541,738861.141
3423059153,543173.232
2787320430,279837.628
2050000020,1033074.326
3221079069,516904.611
9493200010,328651.69
3905081350,534560.99
6061000010,412036.796
7806210380,255790.876
7577700440,423914.825
2475200080,271249.377
1310440280,449191.649
2338800161,307388.381
855700170,520361.454
4046400440,618741.782
1822069109,433414.767
6204200470,512181.075
1787600094,374515.268333333
2231000020,394647.876
127100005,392715.928
3905040170,537856.985
148000680,542622.14
8944550050,467817.558
623049341,220293.533
4307330280,390734.836
3574801310,421354.66
9238500480,522601.741
9264910280,318043.885
2459950010,275533.129
807800190,279023.096
1274500170,204864.416
6447300225,1345024.308
2726049071,431411.9
8650300130,778171.404
9808100185,1800404.5
3925000020,289165.518
5255710010,459588.968
4027700321,422385.83
3066400130,698441.752666667
7283900010,295131.025
1113000430,175735.53
5101405276,350008.429
7796100050,765078.734
3622910190,1049031.955
3886000010,476743.339
9253900417,1720904.81
8159300050,507084.568
7625703900,577639.697
3740000010,593343.362
2115720500,243980.208
7691800020,600170.058
7940700190,426828.4
8663280080,425825.425
1526079026,587304.2
9834200440,494027.453
5634500170,290113.783
2895600095,491248.424
2771104830,1225788.7
7967650010,374784.282
6381500170,260989.744
1954420170,443747.365
623059016,838284.212
3904920980,680837.914
1939120050,643581.416
6817850050,908565.056
2426039130,389134.837
1954440050,543232.658
2770604103,563756.606
3581000020,363898.619
8651410950,192307.575
7129300420,247918.753
2769602880,723805.622
7518502945,567482.418
7430500415,581505.474
7749500250,324025.245
2386000170,940142.288
2600000050,760178.965
5540800130,534514.193
7334501440,293859.606
5525400430,626344.283333333
871001611,608527.355
3585900500,2433270
643400130,479791.101
4348800080,697585.848
4141800285,1472030.97
7349800780,224714.823333333
2824600290,576178.406
8857310010,433883.345
4364200250,411026.843
2877100655,730515.512
9378500050,351282.639
4139380050,950440.769
8887001640,555676.549
6197800101,267438.299
1972201856,541473.304
4188000670,823818.05
2140700190,460511.579
7942100290,226109.274
8802400896,228844.907
2524049215,1476766.21
5468780250,333776.266
3723800415,426670.151
927200380,453939.225
3438502668,292994.226
5591700290,327382.278
2781270440,240281.706666667
7625703637,355751.709
8910500675,356590.414
8663370020,406991.157
1829700080,333947.651
2125049024,1156167.45
2316400285,511942.478
3530500010,175339.327
7387500185,290014.918
1626079132,506452.607
8854100130,748073.042
7853301700,648834.247
2158900290,728156.08
3298700840,224243.884
5450500010,987562.186
1443550080,500361.076
952001735,590101.286
1402950190,318478.027
1207200010,286533.36
4302201045,237273.765
2056100275,483619.092
937000280,229146.94
5379805253,207476.186
9528100899,681445.293
7202340010,643165.486
8941100095,1121642.304
2473480780,338780.657
126049169,507181.305
8857640170,475180.478
5666300010,318590.673
1233100642,638757.802666667
222029026,463838.237
7611200086,619579.167
3376600010,582604.732
5249800345,468478.608
6071200545,607243.977
5379804393,306454.401
7135300275,230133.95
8024201870,508816.132
923000280,793226.051
1951700480,575653.743333333
9406500480,310444.972
6751300130,450396.701
2130410050,365942.822
3810000020,253640.567
304000380,195329.497333333
4359700080,503930.049
8645511350,338194.299
1623800440,516412.304
3935900005,1180123.931
7852180430,419751.5
6190701483,399283.466
414100630,362076.693
2421059090,543481.548
5016001060,591575.021
9561100010,405037.862142857
5416500680,406840.668
1437580480,1021143.077
40000235,353287.907
6848200221,688488.053
7852110050,552487.799
1522059120,394877.983
5406500480,632456.856
2540820010,628783.373
8078400010,560759.872
1546600020,640350.434
1036000280,724706.356
5416500840,374129.088
7849201061,364414.145
3885805640,639450.1
2524049056,1267023.072
8114000020,326525.159
1189000825,612678.673
4027701253,476305.012
8067000020,340304.399
6141600179,443831.891
8122100595,328702.766
5467910190,397347.12
2133020020,432710.6
5169700022,379061.458
2201500185,395831.15
6843000080,262602.373
1442700250,528238.299
2607760680,455681.265
7276100020,353156.951
1498301213,428712.374
2652500285,783778.819
5127000430,318504.423
5253300387,289667.334
9222400605,831894.425
1888120080,904115.707
7199100020,461216.319
9169600275,525705.971
7504010780,625933.201
42000130,1038441.72
3363400655,672078.269
3905080280,527092.493
925069071,824035.213
5104531640,517088.459
1025039145,1008963.629
847100078,347827.812
8832900780,571052.4
34000005,374499.24
3356404198,281762.041
3904901330,456951.747666667
9183700470,309924.15
3867400130,658162.358
7856410020,1177157.411
3300760020,732693.587
1708400595,400454.132666667
8732190460,272493.128
4139480190,1063889.9
2770601462,539895.845
7936500190,1499655.036
7203601405,164497.453
2206500430,504528.55
9262800255,319132.684
8656800190,472097.578666667
4235400255,416832.842
5437200050,471036.325
6204430250,521847.465
9421500010,479329.829
1775801405,537719.949
3575302575,521602.836333334
8805900080,600712.334
3432500980,479616.068
3438503140,299305.118
387000190,539555.831
6844703135,558097.958
8899000190,305724.071
3438500924,768810.024
3275750290,491894.214333333
1445200190,266590.263
1929300052,902742.263
7626200280,437315.215
324000280,584021.041
2607720420,445649.03
4036800170,518312.712
1762600190,986371.577
7971300020,705044.584
1433500050,646207.902
3303870050,766608.23
2436200185,988226.106
3172600095,336765.931
7205930050,866735.751
226039316,1093811.438
6662410020,436831.178
2473380010,306015.687
3306300630,192620.564
225039049,578495.19
7642200095,264310.417
4338800170,238233.580333333
3331001995,332300.054
2011400779,381319.136
5469503280,440330.001
2616800050,540860.789
1446400648,215077.836666667
1137400460,488602.707
3904990430,581733.453
5469700052,254716.503
3275750050,515664.528
5700001640,1019541.26
9264940130,321906.972
4112100101,521916.037
8651401680,195540.516
8011100050,279604.762
1321710460,312901.191
6190701112,385882.314
3856900005,701490.35
6819100345,718426.787
6083000050,311224.294
686100380,488285.967333333
9523102580,687909.579
3025059136,742974.4
4222500020,236176.572
3997500130,261815.146
304100010,256581.399
3438500430,304622.283
538000250,336246.079
8563010420,515366.157333333
3449800290,684633.878
2426059071,571208.053
9407110680,275490.184
5381000048,183248.522
3262300235,1159308.534
7558300170,535496.964
7852190050,658530.459
3831000010,228367.902
4327600010,315908.145
7524350080,348129.069
587550280,786253.18
871001365,622805.846
6738700225,1054614.27
2872900280,657067.288
2621700010,595760.004
2323069022,452896.953
1328340380,288324.596
2256500005,575430.25
5727000010,325336.058
3123049142,547174.194
6150200280,405571.834
1402900380,288685.424
723000114,1419297.782
5145100080,413229.583
5702380780,259135.662666667
3702900185,722327.939
4136880460,292300.983
1687900170,740398.57
1710400005,625713.936
2869100080,714158.5
3342100780,498092.127
3878900185,320968.466
3260800190,332511.969
3158500460,330781.574
1761100190,223860.674
7751800080,500377.622
6865200095,695580.447
1446400670,245893.214
9523102750,844133.543
686400380,827439.104
241900020,361766.736
1789900080,298916.393
795002455,225632.346666667
6908200080,753618.287
1530900290,484130.341
1703900005,377690.953
1541700170,310337.392
9521100585,565712.02
2025059150,764911.196
8941500010,746472.038
2624049073,308830.598
269000950,1023790.716
6072500050,694573.315
2817260130,612445.375
1912100882,522647.384
3876540780,235338.143
5727500019,406101.678
9297300480,790017.22
6751300255,472938.827
3300700480,398017.664
6817801150,602672.736
1454100005,337141.417
7234601440,617478.209
7853250080,667701.803
9113200290,778035.385
1099600010,200695.388
7936000562,655263.474
4037200585,451809.422
9558050170,597761.057
2754700170,520999.669666667
3622059180,333283.952
3450300280,462360.821
4217400185,774904.827
2487700130,524643.305
2085200545,214335.749
9432900380,309874.997
8805400010,241231.915333333
717000225,319526.167
6868200029,515190.493
4030500130,319263.303
7139800020,318651.628
1326049130,547412.475
7137960440,290330.975
1446403617,211767.57
2767603649,523104.997333333
5249802660,409213.46
6448000020,1398386.876
7399300780,297455.68
984100010,296924.421
6127010670,662864.767
2571900430,409917.785
1446403850,152226.609
5101402312,518544.598
7640400250,506627.905
5561400440,521026.306
225039145,486067.140666667
9268200440,420193.848
255580190,260271.094
6072800170,1758041.242
7844200425,344332.804
5244800895,543284.848
7972601950,408771.388
6870310010,676513.325
4139910250,1777780
1395500020,360989.1
8647600020,796173.4
8642600170,343756.22
7967200290,262557.326
7849201100,359045.877
8562790980,669718.446333333
8827901060,703416.081
2599200460,351441.429
5017000470,1789330.898
626049091,296224.918
6073200020,443555.319
3243100050,277304.403
7140600020,199553.231
9362000080,1609319.95
8019700010,525764.248
4222200380,246606.597
7503000050,400424.253
1592000680,600130.78
6706200130,348881.266
1954420420,449382.671
7809200005,288738.15
7237550130,1257563.04766667
7129301851,298382.154
582000010,832017.981
8078360080,635430.349
2658000373,339364.999
7708250010,327419.184
7955040130,461660.398
2525300380,230121.32
1310970380,315072.76
5101404698,453554.155
7518504775,531494.348
3178100065,683823.179
9558200210,234881.543
253600150,414148.997
1250201130,495374.862
2131701020,361141.7
1237500120,455922.795
8673400061,418118.885
3905100220,481222.106
2787250090,582236.701
9407001340,281121.354
4141010110,1549710.95
6641040100,1087688.4
7922720040,656235.289
9828201725,493878.701
9352901085,275224.975
9522600120,497445.093
2207200405,484006.766
9407001500,283417.802
1250201194,524903.767
6679000720,289690.252
2473500110,362955.8
3644100065,402805.102
5163700085,246850.169
7228501910,661484.35
1022059123,347454.431
9238480120,545022.6
3825310540,666745.215
7105600085,520401.009
1461200040,567682.485
6675500035,389582.096
8085400355,1395819.464
1443500905,255088.012
114101540,406699.026
3378100100,265718.507
7254200040,382830.124
3905100210,476974.739
5592900015,406756.584
5253300243,398263.769
5104510540,305124.176
3579700100,435859.698
424500100,193017.612
5104531120,829019.142
3575303970,336673.884
2475200870,248858.705
9274204230,533134.006
3972900025,414773.872
1159400220,774635.539
3869900155,380826.259
1962200037,750562.346
795001930,233154.353
7519000665,609772.498
4099501215,881596.492
4046700210,369361.022666667
1862400353,699991.143
179000100,196548.146
7574200210,409482.584
5634500775,526054.958
8965460090,812172.775
1796350300,187019.544
1150000740,653815.5
7011201016,647705.859
5550300205,244763.126
1025079086,274409.577
4324500180,202030.281
9432900040,318090.157
7987400475,751717.178
7452500530,244077.723
7657600195,217247.484666667
6392001005,508042.241
419000015,226938.878
6450302175,305553.59
1180000625,329479.645
8005100360,213794.629
6021502310,497445.754666667
23500180,536238.640666667
9191200490,775915.852
224069010,594853.802666667
7203100120,679055.84
1454100650,959878.25
7784000180,456209.564
7135520610,1133309.01
8798000100,282663.259
5101405465,477329.607
3750605620,252874.887
9407100730,282495.967
5003600120,309965.463
3904960910,635826.913
5029451080,215662.486
2726079061,596746.272
2113700115,329335.53
8856920110,418302.62
425400115,248727.069
2436700315,554068.097
4022905172,538859.351
9269750690,255060.052
1402620120,377756.84
1324059048,635722.065
2205500540,494578.233
3886903615,1237601.208
3832060940,315282.676
2214800110,331454.103
1909600115,475613.763
7686203195,243205.06
2923059064,234317.967
7199360100,398940.808
2050100450,805065.671
3223039089,380900.652
2596300035,321605.987
8150600195,493858.343
3348401095,283582.366
7579200915,1000563.288
6021500025,636116.752
5662100110,418010.221
2025049111,1505868
7576700131,814886.015
4027701265,482870.486
6928600330,262083.635
6928000620,549893.079
3505100297,555387.232
1311910300,274364.656
2115510330,279036.109
3955500100,441015.43
8661000148,259370.619
7968460230,271968.415
7973202225,251264.195
2557000090,242898.592
2592300450,297022.699
123039424,283957.515
9558050360,519698.244
2297400090,397903.962
1099900120,357773.859
1853000300,857586.558
1545801970,264286.362
9273200115,1479996.905
4218400100,1694798
8594400110,332984.004
9201000120,638533.985
1724069079,952553.776
1826049442,454167.637
3333002710,403736.868
1257200115,741913.475
5229300085,573334.603
7138200150,306300.756
5379804470,280387.73
4197400043,345430.347
2895110062,334729.386
2946003580,246174.328
3331500121,322217.398
5366200205,526418.544
6071200195,624288.469
5589300145,381012.697
4376700330,639459.401
7972600910,327311.444
1105000432,331105.209
8563300085,447491.421
221029019,556154.349
4035900085,453286.026
2026049097,397106.094
7844200120,363315.435
3288301030,472984.71
7841300535,241107.804333333
7100000120,375844.628
2141310820,659161.894
567000025,836497.077
5589900761,263438.553
3601800580,328581.819
1525059020,785502.644
5152700120,647650.166
7197000100,515968.978
3013300409,393431.104
8024201055,368169.741
7129302806,403417.71
4389201021,792794.265
8635760330,454178.633
8691390530,703142.545
4036800580,463918.104
6145600410,288487.902
1785400300,482411.155
1310980580,339994.222
2188201010,265140.769
9358001590,455552.321
705700580,312004.33
9500900110,220276.7
420000085,234027.48
2141340040,719822.061666667
1721801161,290692.353
1775800220,340909.205
3034200666,871750.582
7452500730,257840.9
6388910730,546571.967
8731981500,341514.658
2123700100,368558.02
4038800580,584641.773
8005100540,298048.7
3523069047,769391.831
3034200366,446121.63
5127000410,350291.385
257000038,283493.851
7981900110,452134.386
5253300437,494605.347
6204410330,450718.446
8091410530,255303.175
8651410740,205276.526
225039177,688036.994
434000040,520991.002
3425059219,938263.435
2461900845,309584.915
6899990230,761935.672
7950700120,283297.141
3066410850,679080.943
7436500360,498078.556
984210590,324730.142
9301300215,996915.615
1823069059,240741.902
2926049086,613582.389
5127001320,305789.453
7100000035,293403.978
2077700042,646649.1
1796360870,246749.833
3558000120,338357.909
2768301490,397017.248
798000062,281607.256
8122600195,380055.635
5379805160,308705.084
2719100115,729211.395
2523069146,451252.954
6837820330,319464.338
8835401250,1617221.5
5072400100,470840.676
3797000745,521000.818
3876312370,409825.037
1175000110,506127.227
7979900552,302745.324
9178600360,727645.724
4139440100,758682.081666667
9274200620,495505.209
9527310110,471600.738
1025069255,1065048.197
7771300085,358850.230333333
8562970040,804984.105
2310100230,359645.424
3852900026,542488.686
2607720150,533899.208
7950300775,320788.125
259600330,459702.863
257000057,218972.074666667
7104100065,492921.205
5153200100,569760.618
8833510230,1077541.9
3885804225,762860.213
8899200110,296692.871
6071300090,400600.039
4221250100,562385.723
3205400230,325711.301
2770600930,647849.744
1725079025,497970.317
7229800175,420269.334
325059086,945593.485
1226059161,532625.398
3629960600,368448.05
540100056,1020306.536
1109000175,412374.458
722069057,354795.911
2660500365,348119.911
2516000475,541644.454
9530100555,616330.73
8856960720,306798.36
8556800090,580337.675
2113701095,220954.872
1245003160,796335.87
2174503441,551492.334
9510400100,390308.529
104550540,259888.596
7977201065,463952.954
2048000330,253256.49
8820903080,329870.866
1687000210,278393.043
621049103,251234.844
2508800220,320645.853
6790950150,753312.87
3303950760,418254.742
1645000100,237726.145
59000201,818696.119
1782000085,347537.925
5207200360,448594.919
121059038,406823.601
9406500530,272597.023
5035300650,923327.804
6431000015,689208.498
7893203480,256292.214
191100410,777248.86
2125049131,673620.735
5160700035,468092.81
7939000090,278676.695
9407150360,334657.485
9406570300,417786.027
3739500096,294976.609
5469502700,400250.042
1685800100,774634.479
5636000210,335615.226
7579200767,460305.678
2228900191,409627.686
2558700090,451182.397
4136870110,299512.441
2770605548,988150.533
2023700040,616208.014
7203600040,502951.075
6445800120,694017.099
3222049055,726394.25
8091411120,248958.953
9324800455,388211.786
880000208,327810.136
4174600331,429042.984
2024059110,953126.852
7338400945,327183.75
1568100300,637311.049
8856890330,352550.786
6623400356,259968.955
4036800910,473433.811
259600530,493444.608
7701990300,810410.951
5700002510,950377.256
2102700025,1668964.152
7578200025,446850.886
369000690,472326.357
2324039100,560962.769
3295750610,289099.279
5029450100,218395.986333333
6197200021,203663.940666667
3885804390,1399021.43
1796370150,263486.896
7853310150,631216.526
4086300065,602175.885
627300195,704393.09
7558750120,586275.83
7856610490,722398.147
4237901075,646542.714
6843300090,634373.036
3524039144,630588.791
8682262240,514499.016
9541600490,937979.928
686200490,542206.244
2523039054,854950.616
6205500580,688000.62
2141300620,588521.299
3278602170,375001.944666667
3876310300,468391.25
3760500475,980028.285
722039087,304078.965
8129700644,808118.239
2215900180,261528.27
1257201095,555828.969
7701960720,1052616.747
2710600015,704455.805
3856901880,517478.194
109200730,257142.62
4237901345,1037565.249
3324079089,948048.86
7147800015,257148.867
3905081530,569672.013
9543000945,253182.26
7230900120,357592.763
3738900035,282494.767
7732650120,858898.809
7857000716,369066.208
5100403876,691851.937
126039599,428439.112142857
4232901120,730393.004
5104510120,312212.975
7857003851,381225.74
5379804537,304660.158
2426049168,416203.41
259600620,515754.565666667
6411600113,376640.48
3211000930,265367.148
1853081250,792990.22
6632300040,362293.36
2591720360,463069.512
9286750100,402127.644
4302201085,432976.861
3523029077,347772.224
7215730040,706845.157
7010701016,563076.159
3630030180,534354.987
4123800580,297218.89
1862400057,377597.938
8682262720,494048.99
7986400360,810110.924
1443500385,239650.012
2822049210,266012.498
2976800115,308606.106
7436600090,289462.254
4191400090,510538.918
7203100730,924375.001
8644400180,650472.176
1864700300,302209.883
1402000210,444767.834
7856620210,807156.241
3401700150,1500150
9828201745,447949.783
2587910180,302999.779
1796370730,255075.123
3904100035,327391.215
722059002,411349.341
2742100085,402531.363
1402950450,300630.123
8651442510,232670.284
114700150,237786.381
2917200085,458340.266
3914000090,434570.194
8099900490,485556.936
1687910100,590908.755333333
5419800330,264831.345
5035300085,735827.773
9828702055,401448.582
2207100650,493280.305666667
240000031,282010.229
4137020910,286334.876
1463400081,268837.977
4391600065,200304.035
3760500602,951796.993
3222059206,336818.882
3286800110,595286.947
1402600110,353269.298
1683400165,951516.633
8651443360,221265.634
9558020240,494654.145
7559600200,637555.273
8644300200,587164.920333333
1454100260,389188.732
1934800138,385560.836
6150200060,344710.038
312000295,421896.086
9510970520,669472.797
8691410310,740653.435
4058801230,268159.282333333
4104500181,1962129
8701600030,524688.035
2061100435,525994.994
7575620640,318886.662
8562740400,725110.498666667
3975400045,803388.243
5451200520,920299.959
624100990,624849.857
7203000200,262522.595
3760500240,321824.69
395800370,216217.584
3918400013,373029.15
5561100431,469363.215
255550270,378090.453
9407150310,296159.67
3797000400,671359.718
4365200520,378134.568
3629980350,752932.21
3598600049,206879.45
1232001070,480225.866
522059062,325471.096
4178500640,285060.426
5013500400,468279.46
2550820060,251543.757
5381000070,218046.971333333
5469501200,414765.673
2770601677,537379.659
1081300390,349819.558
6892510200,310210.47
7129303240,322367.662
1219000473,325994.516
1995200338,838772.544
3830610320,256344.251
173000140,415494
8651411260,192030.293333333
8651611260,905081.242
2215900800,308048.556
6118600045,473752.069
7857000861,360478.552
1094000030,360182.368
629811600,695637.634
8567450060,527880.876
1771100030,330084.180666667
8722100810,749849.091
3110800030,223586.138333333
6840700036,356041.968
8722100030,698661.463
322059264,286092.756666667
9164100125,550320.882
7370600045,588564.642
2126059139,550475.286
2332700060,822014.078
2473420070,313947.196
5706201360,368640.055
2412600070,261786.113
8914200060,533902.425
732000160,238695.525
7312900060,300075.989
104501040,228459.004
7308900445,498247.109
1232002015,497227.329333333
5116060030,435642.743
3585220070,420786.4165
3092000030,264472.888
2767704860,568749.884285714
2473480310,358050.606
7857000732,395138.887
7805600070,304132.197
7558800240,389103.271
2287400030,307238.327
7852010510,580399.9
9201000030,906387.031
7199340560,471645.87
1657530350,284675.983
9423800030,281244.09
6626100260,761977.772
2324800350,853995.499
9526600710,770584.259
11520200,771660.313
8682230400,421143.842
7517500310,659100.901
4141400030,605181.572
7312400030,512557.35
7889000125,240369.829
7880020030,647040.358
3755000310,350136.87
3530200160,635497.355
8029600400,307022.675
2887701420,440757.623
8947250060,261377.833
3629870200,517720.461
8945100320,220686.72
6792200282,255715.757
1471701170,350308.456
8564850200,604719.697
6139800390,452592.285
8819900270,529855.668
1972200751,494653.805
1995200200,452324.657
1995200200,452324.657
2473480350,330698.132
625059036,2129529.9
5379802871,215072.137
669000350,1154200.47
2494000070,487887.585
1091310140,413219.636
1450100390,150942.328333333
1420700030,736957.789
3630110340,750754.076
1441600160,1059336.623
200800200,557912.915666667
1552510160,419953.696
7812800681,223358.109
579000550,410660.706
9264900350,261286.603
5205000160,347542.833
9475710060,349073.175
66000140,448607.676
7972604215,351955.769
1824059070,827611.996
3709500140,480171.858
3577000116,923099.334
3134100162,673136.52
3308030060,342858.563
2783100160,379629.933285714
5561300340,538483.125
1794500695,569587.356
8079040140,405757.328
3863800030,494051.679
4441300416,671040.657
3225069301,1460270.83333333
6620400400,309973.704
3102700160,381944.468
8129700565,676491.706
1522700060,535400.17
8651411070,201205.83
826000295,366817.055
6632900354,287013.212
9540100060,391690.815
9346920260,637585.859
3438502501,464493.996
1118000320,2146320
789000520,401764.277
2768000390,755980.728
8731981940,351687.667
6056100295,322929.241
4221970060,345047.759
1732800310,1462980.522
3566800125,488991.662
3529300060,316010.29
9414500200,435121.738
6669200200,1036906.296
1682000350,224934.238
523049195,254567.106
1423400160,205941.828
1766600075,343564.158
5318100935,820607.352
1072000240,357116.635
7345200400,207472.165
253600160,404058.852
3293700105,357012.547
1522039105,672245.314
7436900060,453304.202
5379800810,198712.489
6198400218,188745.045
2310110070,351802.526
5141000510,416187.935
5036300575,899256.322
7312400075,369592.663
2767603612,505362.449
1786700240,401181.308
2619950400,453115.66
5589900400,401461.519
1313300400,544860.125
5652600069,520964.258
8564500240,414385.203
7579200765,447010.551
5536500200,982813.827
3530490160,189270.336
7504000510,795253.551
4178300070,900750.988
5249803645,346576.252
7202340390,496706.098
5412100240,338528.327
1245000685,1242076.633
3222059187,402846.126
9547204930,545412.156
486000510,1295750.605
537000075,275364.525
3544400045,667050.149
7696610270,232719.449
5422560810,455810.633
2204500550,515962.543
3316500200,508340.131
2881700273,383951.884
1137500070,741810.524
6450302545,349046.221
8074200160,296595.515
7853230200,463967.763
5152960350,383659.12
1954400060,516070.43
4104900340,856013.466
1727500390,435399.071
2538410260,367153.158
7849200861,301696.1
6133100125,728606.772
1099900030,359076.186
293910070,678831.031
3158500340,296367.759
7779200105,786372.03
6844700510,696670.192
3422049276,319078.679
423059369,409587.668
1954430390,572409.552
7891600260,277401.022
3352401090,225047.127
7202270570,553831.636
1081200070,408115.236
9274204100,565119.917
7202330160,440595.593
9828200746,429424.624
9407100310,291836.93
1139000400,480343.277
2123049114,188796.48
8078050140,271249.132
7617500075,419388.716
381000240,677721.873
1250200786,530626.122
9209900335,540668.064
6716700240,640212.334
4024100496,402879.214
5252000200,383401.783
1176000390,560805.743
2413300810,264385.907
1560920200,440739.251
1652500060,1620524.5
3626039250,354747.764
6821102317,694322.517
2044500152,449871.652
6699930260,370787.449
1081800070,441404.634
7309100270,540630.489
2162000260,917320.478
5126310060,513821.818
1310700390,328004.13
3243200310,335716.518
6382500079,577293
2597530070,832460.663
1705400550,443950.08
9126100487,515406.52
7225000045,219764.542666667
4140500055,482838.232
3860400060,1115907.147
808300270,502206.112
1330290160,331200.347
6392000570,364832.457
6815100370,740134.63
1823059159,182331.654
5154700060,1489048.764
2113700510,271365.773
3211210200,333678.285666667
3701000060,843453.626
8651441290,219149.802
8955800045,346884.512
1088800060,543452.325
248000240,197313.365
9287800135,1072194.523
6163901433,403983.45
6021503655,415687.7
2141200030,646436.934
1786830060,597446.81
5467200055,361070.41
2525300200,209500.705666667
5560000640,180424.061666667
9202600060,519708.867
8857320030,526670.716
9144100126,515333.328
7149410060,213436.327
2436700800,560301.762
7567600030,920051.95
104530240,217705.51
1774220400,598629.378
1139600270,300247.345
5647000060,344887.571
7504180070,502225.517666667
5592900105,420323.288
8964800695,1039141.105
3468800310,216259.5
1005000240,324787.196
4188000240,721489.647
2473440070,322320.189
2025770310,898253.898
5459000240,696312.242
7968460240,281080.183
9827700105,595602.922
328000160,1313756.044
3025300226,1546761.899
5101402435,397546.904
5315101716,677632.23
4123400310,507253.769666667
2223059053,206539.469
421049114,175442.739
486000597,1053732.714
2600010390,733113.01
1900000060,263323.45
9285800055,614818.512
9264911550,342124.563
7715800310,446670.95
9512501370,521798.951
2922701420,563479.75
1370803510,692411.728
7007700030,459074.208
7701960990,850210.152
7212650990,323297.425
6071300550,607932.298
2872900390,517595.630666667
3860900003,1016962.44866667
259600890,457287.925
3395040200,314302.966
6362900171,505188.765
5706200370,449167.728
4141800030,868681.289
3426049284,2485704
9472200060,1475769.716
869700060,295233.536
7202290320,455636.652
8682310310,557758.159
8857100060,394689.323
109200390,239479.617
6870300060,619365.14
3904960700,574541.358
1974300060,853533.972
624069035,2319914.9
5152980070,518309.408
7504020400,613478.516
8682292190,801760.262
2524049250,1328468.006
6303400520,343601.958
6083000071,223432.077
6819100111,984117.12
3345100251,422924.775
2821049082,212661.066666667
2207500200,690931.117
9528104286,422291.471
985001275,166531.8
6804600990,487168.3
1523069128,550023.508
1829300260,778224.794
8929000140,450240.895666667
1722800860,430860.077
2425039017,687049.088
6752600320,300063.294
4204400339,244657.446
9828702518,477038.846
5056500260,527105.992
3260701160,252259.029
2011400662,349753.134
6134500070,566595.99
629000510,1290615.528
3180100023,620234.123
9187200045,795028.207
6431000196,453607.531
7932600140,488656.95
7864500140,219754.554
3629960550,441680.55
2397100560,615563.734
9842300036,399999.75
3878900681,239136.611
9558800030,226412.595
255000270,415334.014
3526039074,624984.801
2203500140,423003.48
9353301070,359705.396
5649300160,577282.562333333
5207200160,631818.518
8125200273,235957.816
3176600105,767663.677
2303900045,2538145
7967700570,242562.422
1402200140,480431.797
1525059074,776656.51
1565930070,305239.014333333
3790700070,304975.446
3134100023,1248016.72766667
1862400292,387065.42
59000445,621847.118
8562740520,800271.687
1120069036,361447.024
7905200310,554618.339
4136950070,255700.736
2354300550,328554.92
1138000070,387265.801
8651411420,201483.864
5710500060,680639.192
2597150270,275833.916
6145601819,346816.641
1698900075,1032283.034
3204850140,366729.464
4397010350,417224.265
4137010310,275936.195
5616000030,318018.564
9266700295,452464.902
7258200060,328594.484
2011400520,322827.387
4083300070,768164.839
9250900111,499631.512
9412700160,289243.27
1118001360,1682931
2781270400,208440.431
2464400435,701246.272
1402100070,435897.766
8016250060,241929.137
2061800045,435874.392
3622069114,612062.046
1924059319,1272420.203
4307330070,420679.876
7787110370,489396.668
2591720160,667987.566
6021501420,558489.49
3329530030,247031.431
3179101580,1547707.604
3761700251,812888.983
11500240,788591.174
6383500295,1349748.265
5153200486,318531.152
3905080310,527161.79
8651610240,811596.204
1237500105,727774.329
1118000340,2220327
7853230570,433462.477
3124049196,347616.892
8911000445,341999.976
2068000270,1382627.504
7852150200,397115.013
7548300751,382295.061
5253300320,370525.535
8964800390,861155.968
7533800885,742391.307
3226049267,425395.516
6822100030,553135.135
1090000036,571568.72
6619910260,506778.282
7230400400,369041.281
3630110370,599200.415
2991000160,307892.645
7234601525,731429.146
3374300030,424949.164
200500700,536571.218
1036400200,657620.6
2064800830,471006.976
2193310320,629491.184
5288200260,656017.171
2816900030,303386.506
304100070,243442.312
1796360370,243677.546
8835220200,325083.93
2023039045,331593.133
7504400400,619050.833
9541600295,831721.05
3124049171,286224.442
6070500055,641857.149
4154303655,533940.151
7520000695,176824.221
2141330700,630393.905
3188100105,647197.712
3211240370,437626.272
5700001895,998918.386
5457801925,802381.652
976000879,682010.045
2225069062,575063.947
2547200160,526099.492
7212660560,311116.367
3343902650,340848.857
250000320,775394.542
5561400140,513648.616
7686202065,283324.143
226039270,600047.761
7732410390,799467.494
7697870700,251843.843
3935900030,948713.844
3964400160,483451.038
1455600045,611908.427
3299610240,832013.637
2824089053,483548.746
1953400520,259627.726
6708200320,521909.916
6163901382,384835.637
617000030,832196.158
3298701070,270078.448
1432900030,243065.443
7560000070,632853.156
3191000030,523727.695
6150700394,333271.119
7708200400,478674.623
7853240310,747544.258
5152800030,532881.121
1775950030,456003.438
8121200710,516317.966
9578200030,343592.659
623049094,243663.385
8682292090,662927.154
8651443420,292305.733
9523102420,518568.173
7283900521,362634.667
7519001275,571693.984
6649500060,506406.435
2254501342,430969.297
1953400045,319160.76
6795100563,546934.310333333
6329000070,677392.82
1324079082,478507.041
5132000140,333580.937
1598600320,287066.218
4140900270,362410.109
3578400710,391978.25
8964800860,1133569.61
4172100240,540704.395
5104520640,308959.24
2591820070,386825.366
7899800045,232575.526
224069105,576689.479
4136920030,347576.744
9268710390,206834.307
9206950200,337817.649333333
2291400341,312126.702
3052700695,578658.985
123039336,216590.167
8010100135,602374.406
904000045,666277.225
7680400140,835485.689
5100402767,427874.884
2826049070,560733.74
9414610240,487380.636
4019301160,751057.392
3024059078,626465.155
6705850140,768484.045
8651442440,214301.3
1328330510,342838.03
2323069053,465164.479
4254000060,504961.354
8718500560,383951.094
2868900160,194649.781
1150900060,843234.862
1172000150,323407.752
4222310410,253704.381
2568300210,681642.771
9276202160,615872.231
4037500230,502868.439
1982201345,415688.201
1088810040,600208.042
3276180210,284920.934
3904900530,486244.342666667
3830210230,196813.493
9144100158,431306.947
2025701530,280590.731333333
1794501415,817656.411
6003001999,499239.038
3885805300,559043.706
200800330,434461.898
6819100330,547946.51
8728100781,296936.016
7889600230,162523.114
2652500210,567333.825
7905200230,575148.866
1049010620,260096.421
8731951490,268798.577
2473450870,388855.32
2644900149,363208.41
6681500150,892024.543
3343300065,689970.957
375000230,561346.32
7663700772,434712.601
430000035,741255.544
1623049133,287510.452
1788800910,194985.543
7202430150,865818.274
4036800925,428139.566
6751300065,470319.57
7192200040,302226.659
3629970610,452590.425
293620180,854091.783
945000410,344159.66
2220069203,412292.127
3126049107,569939.175
809001520,1031370.967
2156500220,561310.646
9438300035,402229.683
4006000281,356350.07
619079061,361567.629
3586501135,597816.09
1775801020,433289.094
4307320230,385947.646
1624079021,451670.857
925069123,523807.894
5113400264,635475.551
1828000230,474470.222
6415100331,303180.849
7550801225,538751.206333333
7551300065,481091.179
2804600155,873789.796
5014000085,387082.524
2205500355,488527.026
7880010150,736407.413
13001215,268044.295
9520900230,572760.141
1926049385,510638.041
3241600150,303850.522
9264911210,328428.75
4077800438,469111.013
1324039110,843711.006
5566100205,493055.597
1939000040,743956.466
2767603026,367481.884
7812800155,158722.613
418000330,184327.874
293800410,889430.455
7752000065,535704.378
7604400150,377726.396
6414100482,407276.366
1546600230,607526.702666667
8691330330,893891.102
4475000120,382975.515
7701700040,283414.584
7237300330,329868.489
7852150220,434283.964
2726079098,611610.848
3904960150,543518.698
5700000180,814702.576
3751600146,220157.960333333
8961800035,229515.27
424069275,877919.964
1732800865,1170242.714
2313900610,433523.507
8946410040,405812.301
8647800040,273046.913
6150200180,288541.519
2424049029,2968424.95
5102400035,511482.666
5561100180,561990.196
3438503014,304537.93
2113700360,645925.44
3755200220,405852.05
820079043,417330.058
7338200180,580136.224
3636800180,877349.596
7655900062,323370.154
4022906222,451827.978
393000142,399593.844
6843600040,424606.797
7905400040,201475.239333333
3876312620,420097.581
3331001165,325960.416
8146100610,705608.692
223039229,677608.166
1443500120,203229.449
5647900650,676664.386
1432701430,199115.103
6154900065,575578.195
619079096,527157.001
7899800730,280690.17
164000174,312569.314
3904910650,581263.402
9839301165,726520.178
2787700180,305582.784
8651611590,855741.967
2595300155,492291.028
2473100790,272770.124
3362401935,533356.716
2893000610,276936.356
8156600155,703072.872
2124049229,456605.104
809001970,855967.702
7129302185,254792.148
3709500180,444644.803
7229900925,395678.827
6632900084,311647.070428572
7137300040,761107.5
8078490330,306538.501
6873000150,435429.315
5710500230,495663.29
4325700085,338296.436
5606000120,828937.757
5451220150,974001.47
4443801590,464170.06
8562740530,827767.785
5592900230,280140.857
104550580,274507.284
226059161,548436.768
5316100220,999740.293
9322800230,926164.616
8078420230,522989.484
686800065,1015131.5835
5323100120,541637.32
8658300455,339606.210333333
2202500150,419422.308
1794500870,581797.271
6383000790,746834.972
6003501400,514194.35
624110610,905505.262
3575302245,546121.508666667
9266701115,404744.924
3432500760,352697.294
2524069072,365125.112
2770604104,575871.041
7974200456,995729.463
752000035,673794.291
2523089025,907369.402
9512500720,503297.347
2877104196,687268.977
2493200325,452286.82
5210200410,894229.233
1954700410,1990467.01
2524049318,1630714.252
3013300085,496897.847
5015001215,1239717.155
2120069003,340043.819
7852130720,450916.55
3832060120,309557.268
1828000760,475025.445
3905080870,528129.654
3971700580,415193.095
6151800606,242124.622
3179100790,757747.172
3488300085,368011.015
2787000040,334592.665
2843200085,258109.072
8731800210,296131.401
8155000040,233796.176
7202340450,470982.333
6163901033,255207.803
2525049246,1134570.182
5014600180,744651.692
7533800325,928939.188
2207500880,740034.773
8121100325,506770.141
2722059275,463161.3
3300790540,255986.564
1453602283,314161.47
3303980650,958630.516
7589200191,679029.616
8648700450,644402.961
3586501085,567695.934
1822069052,484787.972
9331800580,319458.857
9826701320,504566.824
823000174,955320.758
8835200610,425246.273
7524200180,245271.522
1331900410,769014.728
3121069038,448979.888
7857003953,480155.496
6163901383,253427.491
4054530210,929492.736
1562200040,597035.908
7202330610,514006.614
3265300410,586142.621
9558050450,474327.505
3793500730,396849.827
3797002160,431230.888
4319200450,459031.959
5101406375,513920.647
148000450,394281.167
7899800120,306832.819
120069003,610842
6672700120,595609.828
2126079124,477138.283
2190600243,237158.693
2525049266,1500837.541
5469502380,629683.316
8078390150,702463.385
5104520720,311729.283
1624049275,495553.371
1329500120,345171.352
8029550180,398735.711
5072200040,473832.357
6141100330,420011.984
7749500970,264624.705
1152600220,1069716.45
6388920410,574931.405
1931300815,591989.684
3204800040,498031.147
8129700085,742594.224
3271301175,608240.75
937000330,184594.527
2923501020,621106.374
5702380730,251051.352
7550800736,494131.594
7555220150,736581.815
6909200355,877674.719
6192400180,778037.223
6608500220,449707.319
4249000230,709833.451666667
1703900155,300517.557
603001020,273768.446
6802210330,256288.461
1895450230,319177.123
1853080180,850533.696
2783100230,426950.462
8562900180,537596.880333333
220069106,549748.215
3905040040,509380.642
3298200620,382722.185
1788900230,109350.365
7304301005,317010.077
5104450720,374141.339
3902310210,630995.628
2722059183,290445.682
4307330120,335788.301
9542830210,304560.92
3530430155,202653.914
952006680,411164.988
6411600043,513189.16
8092500150,235818.652666667
5637200450,557967.948
705000120,339943.955
9241900150,1149604.011
2423059060,580222.116
6795100330,595320.981333333
4123840210,340217.389
2770600841,683215.692
3876000120,446249.255
3705000120,287143.916
1732800175,937022.675
3990200065,376537.189
5631501073,382806.441
8857640210,507316.801
1242700035,850946.106
3630060150,572442.511
7851990120,1281933
8937500040,276319.632
6386300120,234544.397
8645500360,314852.392
3893100456,993668.076
985001082,283270.375
7338402160,356296.746
3223059141,313853.611
6145600865,442967.938
9530100085,770947.441
5015000596,953426.818
3751606606,406103.811
8832900155,581285.55
408100150,272404.738
7524950540,588962.628
7812800995,166585.476333333
3210200395,250085.303
4318200360,410275.186
6798100610,374910.558
7435500085,486821.443
3343901961,312265.024
1520069052,361029.89
8113100150,325478.742
5700003221,787121.279
2050100210,936270.686
1245000438,727948.165
3764500230,641828.260333333
3024079057,407024.363
7518507330,581804.574
2301400540,699545.446
23500220,597930.502
9149000180,310140.041
2902200874,676660.054
8687800150,293870.627
3625059043,2781410
9808630210,981858.692
7954300220,606719.865
4435600330,217038.524333333
6817800330,316188.314333333
2473002060,323960.144
8887001215,469339.613
7120000210,346290.496
4040800360,425841.915
3330500085,330496.391
984000650,297025.027
1962200145,796795.065
8077200360,729991.331
510000641,644799.853
6450304130,319798.518
1105000571,395624.683
5153200666,279005.283
7010700905,522796.809
6790600790,329284.494
2722059010,493013.343
7883607520,228393.505
9828201020,481524.85
3824100166,443822.585
7011201445,569913.248
2915200210,340174.982
7461400360,327372.198
2595300210,462777.585
4046600220,400241.994
6190701484,489155.05
4305600040,525489.859
7576200040,745026.18
6300500183,441467.894
7857004225,345401.829
3362400472,391891.686
1250201165,465873.252
5379800862,339746.355
4099100210,643611.309
2193340120,545504.019
9547200835,698933.671
1324079054,441607.238
2201500555,453694.255
255550150,379160.613
524069011,671636.17
5612100065,401842.225
3793501400,410333.516
3528000040,1431861.108
3528000040,1459785.304
318900120,581438.225
2222039011,435904.081
8731980880,340094.46
1781500155,460864.544
3424069154,351738.719
3421069020,373965.097
9471201175,1535454.26
2767603591,484811.566666667
5538300120,414745.816
9405800040,660832.493
3630180450,796505.133
1326049170,361171.863
3043200035,449430.683
1323089107,510136.078
8024201714,572344.502
5101404351,519754.196
5631500967,452233.552
2425049061,1416815.5
2301400325,623226.485
323059103,383527.555
4083306705,668814.001
293760210,1028268.114
7215730120,580483.9
6840701135,716018.969
5104512060,397148.986666667
7686204675,198406.69
1373800330,1622574.51
3797000035,465579.939
3709600180,348879.231
7549801385,233923.003
9103000360,930574.658
2397101075,709411.568
7857001225,371310.342
7739100155,779754.078
1720069029,374317.236
6909700205,463770.819
3523069060,315121.485
4302200790,221395.143
1231001115,390757.972
6190000035,916560.806
1823069279,545049.155
6933600540,474750.226
6169900790,2101682.505
3678900450,517192.417
5029460180,279489.82
6821101765,554426.21
2215450150,326372.895
7146400040,380960.479
9550200155,578557.814
9277200180,468553.368
6672900220,1012171.758
5525400530,693511.064
1525069095,813022.76
4077800455,593539.57
8161000220,470005.721
3905030330,544669.742
1328340540,320560.845
3530210180,945300.087
7979900210,374887.922
9527000180,577417.681
203100910,568563.825
1257201530,612495.952
9828701608,608193.81
6403510410,353938.461
4324210120,289959.83
6381500450,348875.600333333
9238510220,500239.9
1795910360,525488.311
1180005280,238313.845
9285800790,540875.237
4427100145,366020.925666667
7227800065,222285.391666667
7454001075,240719.51
269000085,1387663.536
9211520150,262237.844
3438501020,338075.244
7459810210,380663.585
3022079087,683552.28
8857640410,319276.231
4104900150,550237.884
2423039122,360185.259
5412200180,282136.995
1952000150,639580.179
1695900150,864574.999
421049254,190474.251666667
1726069060,714615.051
9828701739,500979.976
3204400040,265625.198
1937300180,419758.376
4226900211,455107.782
7436200040,304472.466
1523069151,363077.982
7625701175,479987.049
6150700264,360979.496
3226049080,401300.912
2424059018,1046971.462
9830200230,458017.468
8121200620,472188.371
324000530,374284.691
1328320760,342949.547
7936800150,454856.685
4034900065,602658.619
5016001325,546014.921
1125059071,998737.517
3274850130,415595.918
1925069099,813722.476
8673400177,584861.399
6817810190,396697.038833333
1770000460,442950.99
1125079088,475412.295666667
2926049504,495038.426
4458300190,735411.18
2770602360,662599.433
9551201155,927883.606
1823049242,291961.941
4027700396,549141.73
7203210170,737864.898
5608010050,882075.484
1922059102,236565.664
5458800425,710743.453
2887700826,656278.092
7985400089,357327.094
7853340660,432886.089
7525570020,663935.707
1424059142,856698.656
5700003810,1513338.998
8691510290,381583.628
1336800670,1298225.991
8089510170,1078376.478
4136960010,536761.187
9187200095,725088.758
6806100250,325038.252
6446200190,624689.595
4222310010,238478.022
9268200585,429465.418
7504021310,736616.798
8638500170,369560.709
5437400630,594781.152
9477001350,366761.757238095
4038400130,465478.502
8822901024,303894.398
1760600009,215066.854
9187200275,738186.722
8924600020,2003489.66666667
290000095,667110.592
8848400020,394916.938
2112700920,336387.382
6139100101,374468.762
7418000130,503429.239
8825900020,831928.945
3856903495,610386.458
6382500020,584755.938
1778500595,703352.571
7853300290,485939.188
626049102,390095.549
6752600130,335928.003
6751500285,528974.249
8824900020,763422.257
6669020290,280733.717
2848700095,461685.02
2172000894,224334.699666667
3304700130,1991761.515
2413910190,525523.914
5706300020,455513.434
1422069069,451135.462
9834200305,430679.998
8001600130,283767.047
3835500585,1871760.999
7518505910,544477.87
9406521150,310315.675
8835400290,731362.656
8644500010,746691.446
7625701900,474444.095
8956000250,556688.670333334
7457400250,290226.47
1853500130,373491.652
9320500080,272519.691
3142600130,645607.605
3521059134,938392.152
425059024,641775.425
3022039069,299897.129
9513900050,243244.008
8651720420,453552.658
6632300122,304658.397
2458400345,343668.312
6664000130,778141.434
5379805910,329069.303
1901600095,239866.762
3825311190,710471.17
9122500080,301076.008
4384000020,609475.037
9358400080,715281.64
6140100095,434905.328
1524800005,352756.991
3630000080,417822.108
5450300020,899861.805
2413300980,287589.156
5076900010,596219.490333333
163000010,311516.698
2923500010,657968.51
2639400020,620687.515
7883604095,283950.908
5603700095,574748.023
3999300290,1005593.869
2791500280,249245.214
8820903560,327616.53
4401200460,855964.294
2420069242,199371.779
3629980920,669658.04
6679001060,313981.96
1702900664,406434.835
9378700190,370795.381
2525059134,506416.957
4094800380,1055732.326
5104530680,373295.707
2917200675,444061.437
7779200275,601016.608
3261020080,672157.348
5468730280,264646.773
3992700048,445779.106
567000380,348078.676
4202400078,201919.163666667
2968800010,327224.344
1024000050,807815.866
6072400280,663826.378
1420400130,319235.626
624069108,2920813.33333333
8125200480,419245.573
7922720250,524456.696333333
3644100095,380210.107
2581900235,872916.354
4340610080,309127.971
2013800095,255937.342
1954630080,683010.979
7701960250,836181.456
3052700225,711017.472
2025701190,266728.647
1818800235,1166569.51
2924069132,599328.841
1214000080,278638.924
2826049260,462855.465
13001991,279497.567
1156000250,406111.422
2560801222,293988.789
808300470,481647.579
5361700020,330378.665
5468780020,325158.677
1126059091,533248.269
3010300415,609055.047
104550660,272621.136
9310300185,336377.848
1433100010,260889.412
7129302555,257782.525238095
2413910050,559952.513
8078550190,281845.983
2225079030,342680.093333333
3834500170,423426.522
7657600005,236208.133380952
13001795,363749.325
1604602195,439329.038
1193000380,1038837.918
9542000275,688618.063
3755000020,330973.186
2599000130,231054.058
7893805650,295573.933333333
7893805650,298557.268
8731000010,391314.988
6117502230,2362937.188
3521069142,481328.859
1545801410,262374.858
1385100050,797750.624
9315600050,1689062.4
2896400170,423017.5
8651611980,885108.201
7577700185,472125.069
2644300005,427270.547
8698600080,322747.648
6669150280,297124.055
1311800130,228222.870857143
7013200280,1213000.051
3574800010,446534.056
2044500213,432260.666
9477000280,411835.293
8567450080,524923.726
5162100660,336240.659
1193000480,973380.15
1234000630,793572.602
5088500170,431373.806
1061500630,362216.96
4139420190,1657362
5360200052,424474.36
1377800277,873912.208
1137600190,233860.028666667
3751602249,205414.802
23520380,492042.103
3300701365,444137.03
6332000050,524367.389
2126049265,451965.816
2634500050,241170.051
1877500005,714183.714
4326000190,438945.84
1725800280,483898.254
5637500094,474854.578666667
3885805896,1223910.775
8029510010,365171.784
9808610190,1069643.103
7443000514,525317.007
3878900225,338268.697
1124000010,421208.997
8133300050,225609.798142857
2726049150,481518.3
8074200080,268711.227
7856600170,728618.389
7300700050,320838.754
2076400050,296350.932
8151601190,291882.535
5561000420,523422.268
7922800190,534927.785333333
984000130,308822.768
425079001,637412.268
5104200470,437207.015
455000190,811833.298
9477940440,436393.419
2561340020,415876.74
5536100020,1042601.548
7560000050,633430.802
6928000440,300989.73
6300000396,390040.683
2968801315,282618.249
7883605900,298138.246
7016200460,470120.979
6189200050,603319.971
7954300460,611695.878
7519000225,509893.27
2769602140,468853.94
4017050020,488286.086
3982700250,1018514.473
7281300010,1086453.01
7418000020,320439.079
7548300170,701120.703
16000545,198066.721666667
8691310840,871913.875
5100401060,667462.485
1180002580,169820.927
8645900080,462718.636
8026200080,359950.466
9432900250,321537.986666667
5556300114,760051.294
7133300675,368903.716
2767603890,764636.908
7853230460,490398.851
1454100440,469757.734
4137070440,334926.984
2391602500,466779.224
8133700020,500435.228
723059073,282106.18
7211350130,319497.602
6117502455,251839.995
4059400585,217678.97
3782760170,492623.89
1725059136,2126790
9407000920,265993.782
5422420470,270236.972
3629910470,630407.286
5652600427,477764.101
251100020,626956.984
5315100277,1430580.244
7579200715,512490.384
5297200089,425534.895
7504110780,722606.997
7574910420,747499.258
1549500585,472789.492
5037300130,790157.17
472000895,1210160.666
1130000005,1332303.019
7397300170,2475408
1077100020,361078.2
5104510010,338101.196
5381000352,367523.16
2887950020,270607.999
8001450170,297754.169
267000170,474694.141
5557800010,246876.968
7338220280,270709.391
8073000480,584882.48
5423600080,540299.034333333
3303980470,1054010.39
1450000050,179401.872
6788200605,634914.233
2663000345,1122560.855
4338800500,249643.224
5101407350,388287.345
3512100050,239237.789
4083301950,520101.013
7202350010,461609.082
8155850010,914477.721
7955030010,351814.352
5101400561,389902.09
2652500225,643584.92
3224069026,384546.151
7231600098,177824.83
2141310020,701944.462
3083000048,493702.92
715010130,1335395.96666667
1257200020,509358.613333333
8651520420,574450.569
1102000759,911893.078
5103300020,724389.532
3885803044,2229549
7200001756,372892.529333333
1402700170,481886.035
5366200460,615091.601
4060000290,220500.983666667
5145100460,450818.844
6329000380,309868.35
217500005,419849.041
8691390460,722732.242
4037000185,492620.024
5151200290,363739.028
7625701795,798426.222
8910500471,427663.384
1442300005,407706.24
526059259,349847.942
1423200170,203904.273
3023059071,426132.063
2201500440,459162.66
2923039243,394084.424
1657300280,452628.515
7508200080,419604.012
7972601100,355887.725
8081500050,2028660.5
2652500795,998881.092
3630121060,771711.642
1370800825,1292772.5
8635750950,595523.625
2113700005,355436.428
2787311190,278470.7
1425059145,475769.351666667
6190700284,477570.326
7419700010,722885.871
4017600010,489206.415
1773100430,340997.613
6137610190,662629.778
629410190,738298.675
5411800250,373512.226
2301400470,576735.661
9804500420,393873.396
9274202885,562395.716
7701930050,604634.46
5561000430,433308.792
9250900104,441970.34
3223039181,597202.681
9492800020,466816.768
9557300080,551433.23
3971701300,296604.504
3585900430,501534.823
2738600080,506613.276
282500010,578842.558
5583200345,320931.175
6380500151,407811.575
8643000185,249830.16
3630070280,463419.195
8944460190,377879.096
3299200080,535418.979
2111010080,326682.715
9523102660,582949.798333333
7588700007,488269.271
9197100101,194849.826
8651580660,633699.558
6117500980,431328.949
9547205380,702654.179
7772000010,445248.928
8029500380,298977.09
6021502750,553616.928333333
9268200380,465553.414
6654700250,371261.758
3025300095,2254588
3211290050,467298.448
8078410250,547752.173
2798000020,1232550.82
8663100050,463910.91
621069102,216493.835
2891400380,426325.005
534000080,354957.183
7197800020,598168.471
5592900285,400333.075
6071700020,528983.478333333
3797310010,314736.27
2725069108,1000558.532
126039413,519751.05
4233400280,284409.972
3959401284,560187.501
1370802335,945106.89
7518503220,578794.103
3530420020,190972.543
3754501060,974843.849
1592000050,616079.098
1324079007,408377.905
3205000050,364273.726
3410600080,723289.72
7385300020,741506.99
1761600050,342970.617
5630500005,356603.705
9523102040,633433.745
7202360430,897511.037
1703050500,667243.795
9194102188,837021.19
8035650500,333980.945
9839300285,650916.404
5466700290,279652.37
8563030500,578241.12
8161020050,597290.044
3276200280,270950.097
3975400185,596745.902
9297301190,371591.163
1152700020,385935.599
8944300010,218016.26
2225039130,1292921.405
7504180130,464251.85
5505700020,439922.272
2525059127,595238.332
1788300010,194084.064666667
2742100009,390054.925
8142000080,379584.897
3222059007,317024.984
6648000050,361375.18
7889600080,220866.185
880000005,279377.192
9358001732,382447.529
8651402750,216718.693
2922703260,515141.935
8576400050,462242.038
8563500020,789932.167
6624030050,400640.151
3210700380,824296.419
4099500605,756615.429
9126100346,559699.405
2919201365,801896.049
1137400050,443994.365
8864000425,273137.782
1441600020,942784.038
6163900073,264799.054
6170900190,356761.043
2787250080,573100.051
8656300345,308861.181
3905100630,496038.25752381
421000500,196133.667
305010190,700301.823
751000190,371836.729428571
6072000380,550438.976
6977000080,690249.314
3298701025,260601.481
475000605,880719.312
1023059430,458054.53
5269200050,182607.209
1561910190,400883.406
5415350480,802965.105
7202340190,521601.252
8651710190,446602.541
3095000185,462807.292
629410130,748678.897
7016300050,428566.08
7227801630,234758.368
7696630080,239966.467
3235390010,260393.357
6600410290,224027.989
6300500479,401851.604
8835210130,328885.24
5540000050,300461.012
2470200020,1589037.5
9500900430,247687.928
7796000095,1146672.024
3211200420,327411.038
2770604082,638397.4
7454001405,318664.177
1868900285,527576.251333333
2329800630,250624.276
5316100920,2294800
1974300020,471270.498
1870400605,618960.625
7304300430,321037.449
9284801100,312161.757
8901000491,395845.116
6610000591,888049.705
3585901025,1955954.5
9325800005,301501.049
6430000275,528455.176
2395710010,368724.667333333
2488200168,459354.642
8835700010,1077971.492
3971700670,423417.073
4067600255,241328.185
6623400050,275866.854
641900050,385475.524
8651410190,188174.81
745000005,166443.8
2331300415,988785.277
6819100020,1965061.608
3327750020,387881.545
9286730020,1692501.626
3296900280,430468.268
7227501190,235235.161
2922703235,324784.134
6138000095,181055.688
2356800020,420319.971
2505500009,737043.56
5592900020,482502.82
7660100309,361039.811
6093900280,221544.852
1592000130,596485.629
4038700680,617337.413
2919200440,601089.849
4279600010,639731.165
9169100185,504619.52
415100010,418426.707
5500200010,423271.085
7417700185,287601.998
4127000050,281709.162
1742800430,523981.237
3726800010,337548.078
6608500290,428627.891
3205100080,532077.499
1822059073,279898.546
3034200275,398211.631
1646501845,525977.975
4031000460,186621.478666667
3881900605,364174.583
5700002285,563578.647
7300410010,356540.402
3750606890,246307.489
9117100130,329371.389
8030500010,516853.166
3905100840,485161.04652381
6885900415,404706.776
1795910420,524488.169
3260810150,327571.603
1561900330,402156.875
8691300900,852585.753
3332500100,387490.232
7625702616,320617.223
1423049019,115172.885
1920079039,318715.135
9348700610,820967.157
1453601502,441109.431
9268200641,355225.996
8079040330,407490.491
7347600490,260855.25
1245003660,651668.403
3275300040,230951.303
1593000690,321807.249
2267000485,636220.194
1247100035,1100004.282
7010700210,703280.931
1093000090,630993.864
4006000423,310672.695
1023089197,357933.66
6392001810,479655.696
1545805030,255220.009
5589900610,520546.716
3755500065,457070.311
3890600150,466699.014
2724079014,702632.351
2968801240,275241.464
7861500150,434764.828
9297800090,415406.609
3438502290,699588.365
8881900230,790548.803
8651511250,557963.372
8651401960,205519.665
7937900040,723649.627
9264030040,414058.545
7303200450,236973.026
104550750,254828.869
1556200145,616611.082
2826049160,463258.905
4278900110,771138.34
1951800040,577161.419
9512501400,450675.403
7750500120,224444.233
2922701175,539745.33
9320990120,336018.673
4322200220,696747.024
1112000100,697082.674
7304301010,360388.030666667
6021503840,554549.198
2206900065,409418.442666667
7345000120,210557.451
2645500021,369518.769
2600100300,740638.758
322059095,294152.477
8651400580,198547.23
1226039058,396987.768
4137010590,411107.086
8731980040,340383.39
4379400490,669829.869
2131700900,300717.959
7922710450,689137.764
782700120,371319.507
2887703155,580066.564
9329300040,450066.362
7227500740,172544.031
7504020610,630083.97
7454001210,265523.670666667
7625701935,339667.866
1245003740,652877.821
421049170,229604.731
7889601320,216550.382
7589200153,602300.114
3625049079,969481.038
2979800750,518908.486
8732130940,256990.859
2822069080,447224.604
3904930410,407778.259
6672920150,390624.054
8952900245,1561368.805
1622049140,281557.708
2824069373,864979.925
1774000330,509537.920333333
1939100610,611350.207
3755000120,353292.237
4083305633,517142.376
9545200180,598253.084
7518506716,1050272.105
7280300375,582631.795
8731901910,262832.943
2896000450,594379.628
3322049095,255588.66
1352300580,185053.241
8651511030,508137.516666667
3574800090,451620.434
3826500730,277932.046
6392002550,1227133.253
7805450040,855559.882
6058600385,361725.826
2769600035,825159.244
2883200760,705788.031
2896400210,422263.275
5364200477,597252.941
7349400100,260792.34
629810720,845158.159
9191201385,538018.288
1545806960,209585.027
8077210230,612748.555
984210220,291349.925
7586200061,351841.511333333
5127100100,316105.146
5706202070,429213.327
9478501020,305728.494
426069095,527430.385
7574910450,823562.497
5700000600,742437.094
5075400035,362233.633
3664500300,281652.129
2607730490,407490.03
6083000123,204477.011
8864000970,213996.736333333
7986400265,767851.528
1311200120,228782.169
4139660040,969715.579
3241600027,306021.729333333
510003085,631109.956
2423400040,283507.738
3307700405,508687.613
259801140,469260.074
6751300375,492067.2
2254501335,530904.477
7625701386,460982.348
4025300360,372268.659333333
7849202296,342445.842
1311800040,271599.971
6820100035,644384.359
2887701970,441600.26
8029500360,350106.738
7011201106,414563.622
114100758,323257.636
5210200184,549882.998
7940710100,502733.407
1025049268,523354.72
7649900175,543109.996
2820069048,584053.955
6744700343,558526.73
3876200330,495638.365
2944500330,348359.042
2722049246,277139.551
9558041130,329363.008
3811300110,335370.134
7519001321,546525.147
5561000330,477221.203
4027701055,352638.147
8712100790,1096653.08
2215500230,617137.257
6639900176,575012.808666667
7202360760,814882.777
3879901285,1132935.642
7334600730,307712.196
2916200054,343159.768
1862400528,376788.74
7812800215,215381.901
1423900220,252108.412
6141100395,321284.634
3279000120,246648.188
1868900775,605146.078
5244800915,725127.303
8823901445,768880.427
4167960330,281098.07
4365200865,382615.53
6713700205,327183.376
2725069156,877242.669
2372800100,255329.22
1928300620,529030.508
1402950100,320095.094
259800750,439414.502666667
1775900220,329362.958
818500100,185174.437
3211000040,236776.467
9557300040,602757.297
8598900157,310290.590666667
1761600150,357993.816
4389201095,2412350
8673400141,474435.59
8010100040,594958.84
3904900610,501316.391333333
9547202950,536925.058666667
1370802770,834629.488
3760500455,1302199.495
8807810090,401092.137
9508850120,602804.96
5126300650,506705.31
1939130730,619964.583
3667500015,1200483.49
3223059206,288583.283
194000145,755835.318
3326049077,521930.105
2622059138,268676.76
6738700205,846842.31
1778350150,956975.754
7657000540,204563.704
318390180,288175.205
1105000787,344867.669
522049122,269617.876666667
8857600360,204917.066333333
9424400110,713558.832
193300120,232425.223
9828200790,515434.993666667
4139430410,1226533.36066667
7852030330,444867.383
223039254,321220.568
7843500090,317164.842
5122400025,486913.976
9297300750,417181.287
2296700330,433321.152
5318100965,1471818.442
8682230610,736075.591
1337800665,1328264.886
1549500272,594355.701
6204200590,429222.512
643000110,242422.072
6378500230,474170.061
1493300115,505328.68
2922701085,512234.868
4242900245,648899.035
3223039149,490597.255
5490700035,382122.214
9169600209,709015.998
3629910210,687487.14
1919800090,632004.096
7923200150,570772.065
7524600120,292722.485
9523103590,585287.2
1623049241,338968.226
925069042,688504.37
9268700040,208141.106
6381500090,349924.843
8856003525,203465.126
5557700210,201196.31
7227800180,267236.816666667
1830300090,654301.798
7522600110,254937.882
5457800740,1124517.934
1796500100,236788.193
5318101185,580666.861
1525069021,768260.449
5569620410,741655.93
3009800015,452438.821
6189600040,508420.907
8917100153,591003.961
7199350600,535935.428333333
4147200040,1114468.749
8807810110,567098.548666667
8075400360,228168.609
9551202875,787633.874
5101405067,453673.906
1930301220,543940.995
9282801450,365416.562
126049231,495442.19
3331000220,384978.872
603000150,304458.09
1437910090,509290.371
2652500740,767955.659
5101405338,458317.684
1066600090,527842.929
9523103990,656563.09
3216000090,733027.356
1525059165,931860.378
1138000450,397568.61
3624079067,366426.651
3303900090,687073.886
4254000220,479572.516
4054700300,790766.698
2597531020,857084.565
3221069057,271382.545
3832500230,299059.537
4389201241,1928629
7972602490,326599.670666667
2128000180,577898.509
3394100230,1092059.028
7302000610,515355.947
4058800930,387076.11
999000215,739688.552
9253900408,1540419.538
3083001095,525021.64
3488300110,424835.59
6600220300,534164.422333334
1959701695,1236673.49
7893800534,383709.41
6430500191,360610.887
7518506717,1050097.305
2327000110,876500.982
2770605420,546751.173
5632500110,336955.836
723049219,198469.575
2320069111,398418.641
5318101695,806527.839
3630020150,418227.847
5459500165,806245.486333333
1453602310,310525.489
5631501161,409217.543
5230300210,265348.684
2832100215,347265.217
8965410150,899084.979
3345700165,572869.808
9557200090,417742.275
3459600180,827818.108
5415350770,757144.111
1670400090,209525.824
2781250610,239186.454
7401000040,445374.05
7855600730,878800.135
130000175,654040.299
1324300018,444081.544
3918400097,676353.303
455000760,745705.342
4140090110,512899.573
6381501965,396398.634
8642600090,300136.383
7942601475,1033182.667
7974200457,1039638.576
8089510150,1016555.468
1901600090,376275.556
3401700031,516501.384
3964400120,567418.03
2414600366,193334.944
3751604653,232657.316
9297300590,614551.239
3260350100,582443.015
2193300620,536706.446
1645000580,297424.33
4337600205,184559.183
1822059156,690215.265
1854750090,1127039.6
6710100131,773285.776
52000067,581583.83
1337300145,1740285
2397100705,1249849.568
3658700395,581684.355
984100450,302900.828
8682281960,771460.706
3416600490,704458.316333334
6450300673,303801.800666667
856000985,1118205.802
7418700040,312060.98
7237300610,308268.396
8860500300,341917.056
2591700037,708385.913
3356403400,228484.266
6638900265,754928.607
9136100056,710546.814
3019300090,700130.836
7417100123,421220.71
8691410730,737587.01
1523059103,468542.11
9485920120,424849.662
8802400906,261960.345
2215450100,326820.77
1773101215,370395.965666667
2768100205,570513.731
9320901250,133106.646
6870300090,541932.971
2998300146,861663.646
4142450330,277364.775047619
9541800065,642125.32
5561301220,782718.823
5700002165,545489.441
8682260850,532701.961
1865820300,200113.057
3163600076,208169.661666667
7430500301,722052.612
2623069106,712536.825
8562901010,744447.365
8861700110,461577.554
6126601380,522841.88
3425059076,1125478.818
1545807180,268216.526
2566300100,959103.606
1720069146,428476.732
7203100850,824676.251
8685500145,374930.913
2078500210,566920.946
2558720120,430764.601
7751800115,463141.496
3306200230,241917.645
3888100176,570903.214333334
9818700645,463855.178
7950302150,289887.078
1722800835,274731.308
1630700276,376328.417
2558670110,454168.757
402000110,225309.006
442000175,490658.62
224059025,1066878.563
4443800375,476127.555
1625069101,1234899.704
9808610410,987269.111
1370803640,513149.104
5151900110,264185.759
1025049266,531208.781
6793300220,739981.52
7211400535,260268.73
7203150330,673857.845
3124089060,364843.285
7893802670,377632.345
6392000625,476885.806
3026059204,741282.071
2856102105,1038781.056
2862500060,870823.149
1442880260,434866.443
2626119062,307726.336
2895800710,270814.96
2922059212,435324.824
1441000350,459973.419
6130500060,396357.155
1865400075,323821.943
7899800863,306966.541
745530240,996069.457
4055700784,926198.226
2309710070,340998.969
7853220390,865539.745
1624049293,550331.43
2524059269,873043.094
3796000400,391217.917
9542840060,345952.302
9268850860,693803.202
1454100127,613863.34
2767601872,591952.857
6749700004,321681.585
3575303430,770303.944
7169500200,504707.153666667
3943600070,407247.3295
1438000200,544564.053
7853270710,638862.331
9161100075,761537.434
2867300030,708501.263
3862710030,430518.098
9828201361,397672.834
5695000270,575329.724
8924100370,1291990.127
9268850350,308868.11
7853380570,690114.753
7853270200,685551.773
2838000030,639101.428
8155870200,295182.24
3630080070,406836.437
8085400376,2071206.5
3448900320,583936.557
2970800105,441746.802
3845100550,437380.078
3869900139,474969.771
1332700200,336167.875
9211010260,535741.25
7299600700,312474.043
291310340,523418.142
1776230060,394583.758
982850060,370931.035
7694200070,405967.314
8682320350,657137.705
5045700400,553960.748
2621069017,401115.862
2579500181,1262261.1
422000075,410081.235
9306500200,385473.1696
9126101090,649941.057
7576200012,758146.311
9828701488,427685.852
9126100814,510584.599
3438502437,349013.691
2423069039,552632.923
8011100047,577137.356
7203160090,830650.1
1732800194,835473.048
5078400215,1560501.517
3277801431,296333.634
5457801833,804870.754
2623039019,738139.268
6056100165,273639.301
1489300215,1207712.221
2726059144,1203912.829
7234601140,660699.499
1972200553,588870.217
9524100207,278609.924
476000110,460573.1
9510860750,828213.248
7228500037,449054.687
1085623250,408926.597
9578501110,371452.031
9492500090,751985.771
3321049112,422463.439
2911000100,269277.34
8032700110,579190.812
2597490300,678659.114
3052700464,506813.096666667
889000015,600645.268
2767704252,478835.828
250000090,1767694.6
2025049206,400579.656
6817750110,301385.998
9284801500,425025.315
3832051140,314193.32
6021503706,345062.2
3278605590,373544.464
2770601696,579325.391
3575305452,611348.469
2937300440,929818.313
2767603753,488444.07
2916200091,598237.843
825079024,696596.724
1563102965,1158014.469
321030010,354903.788
7570060290,364023.991
7853320470,486865.364
1424069056,985440.931
4027700014,595899.29
2547200190,877476.537
1327600190,361631.467833333
1635500250,620310.484
6031400094,356366.166
7604400114,472236.586
7853380480,579060.008
3277801586,404617.759666667
7548800050,494787.25
5710000005,2615109.8
9319800050,639069.622
9376301112,434666.68
6666830170,736874.215
1760650290,304576.867
1773100561,339181.066
293810190,479297.134
1760650280,321171.216
301401410,293552.831
521049227,1095629.925
8669160460,300166.447
2810100007,395434.988
1085623730,466331.382
8080400177,528397.527
3395070440,329368.622
3023000050,306615.945
9429400170,382694.499
7853320280,420734.8
9578090050,809611.928
4181200680,261727.592
6430500182,1170016.545
5393600507,333425.29
3304300380,589214.203
3528960020,714665.607
8562710250,949867.156
9542840450,273322.394
7936000463,782781.254
1196003740,624359.068
3869900146,329082.375
3862710180,425097.8
1023059246,480954.623
3026059362,526321.837
2768200209,534338.668
8562790940,630946.566333333
2526069092,1054584.975
7661600206,354382.396
2143701015,498444.748
6056111430,350539.226
3278606200,387754.917
2436700625,525512.56
7203190110,738498.138
1853080850,868174.306
1125079111,1845225.95
2325300093,374767.809
2902201301,620741.397
1931300308,470338.494
8091670730,401147.574
1453601038,321964.624
9211010330,545026.26
3052700472,509530.408
2311400145,1382790.401
7625703357,393841.36
4083306553,573232.819
8648900040,517476.925
3232200085,1327863.446
8085400401,1756507.326
2902200237,452362.798
6821102367,614300.333
1545808120,254024.495
8943600720,288827.538
8679200100,828509.806
2771602428,463417.391333333
625049359,472806.416
7853360300,571874.067
6056111063,267133.67
2979800409,485187.733666667
4310701421,366710.626
6306810110,455953.497
3277801411,393714.663666667
3879900750,521787.364857143
1760651000,265867.577
7502700060,437819.291
3448740160,439056.101
170000060,1207773.681
2724049222,301696.985
2724049222,301696.985
9828702336,558064.852666667
1832100055,1832007
3629700030,643665.084666667
3630200960,938932.34
7625702431,386146.603333333
1773100926,357388.564952381
1861100267,626562.378
3869900036,393379.888
3448001412,285822.308
7203180070,869959.414
5416510200,360587.168
3869900136,463914.223
173000036,336674.115
4305500030,584501.999
8564860270,494044.298
629890070,934745.773
7299600140,273466.253
5095401070,509714.615
3943600140,364581.401
2902200240,453935.548
3274800505,505425.548
423059409,385293.648
1982201596,562380.106
7211400576,276495.62
5169700132,525136.973
3023000200,346347.879
6204050160,508942.867
255550070,346647.648
7882600326,1590912.496
2926049582,324862.126
3630200520,714859.065
1543000060,481319.23
5244801550,1114561.396
97600140,769783.259
7203110240,662334.017
6056100160,344762.011
9301300270,1564131
9347300160,296323.654
5556300116,962757.588
1324300126,462843.258
715010140,1289912.33333333
2114700374,354381.285666667
8562790710,729366.514
3425069117,1226756.776
7137800310,304816.043
2211300260,369194.182
3026059361,532942.763
3575305485,492983.794
666000142,768008.016
1604730150,530090.156
3362400092,565996.842
2738640040,702318.312
3278613060,460569.958
9578090180,797987.557
9542840120,277551.579333333
3626039424,367509.121
923049203,386245
53500450,304574.614
9578140180,327598.941
3864000120,1192718.99
6852700097,604528.88
53500760,336785.081
3528900771,644795.076
9126100813,530267.004
3679400503,320453.459
3023000410,362358.058333333
3278606110,364522.880666667
6601200040,272262.252
7853350220,648413.56
8138870530,418228.45
8032700072,518863.659
1442880610,523231.233
3336500180,279108.101
2781270530,198943.868
9578060540,514728.222
7889601165,296259.997
7227801581,308935.087
745530040,965235.275
2149800278,387745.721
2517000650,299043.442
8559300120,476807.49
1776230220,461036.166
9211010230,530227.231
9268851320,441552.783
291310610,372502.67
7702080150,637868.56
291310180,376717.215
1972205633,604443.434
3629990180,472628.373
567000382,319198.467
1389600040,272558.399
9268850360,308732.256
2937300540,970328.951
5200087,660000.11
3845100620,411720.217
263000006,373583.812
1972200882,620548.214
2690100170,324933.006
1442880380,454846.458
9211010840,556687.319
7203100660,816463.78
3022800010,416669.616
2867300190,513080.503
4253400104,372511.957
1024069027,930518.275
6824100029,411320.881
255450250,328828.056
2428100130,840559.791
1042700050,827800.991
7853280250,839650.876
7852140170,584761
1459920010,270170.626
3629990020,405893.017
9532000010,488092.38
1121000357,945857.313
4233800020,346428.112
7987400285,473049.63
1099950050,851129.373
7203170190,730997.943
3876900089,666568.459
3326059253,802477.385
3862700020,413088.248
3052700419,474221.173333334
2770601912,606926.187
6056100114,429251.392
3052700213,457710.466666667
9276202130,563011.128
3845100670,472379.396
7234600832,506400.196333333
666000143,759393.6
1760650950,308539.286
2461900446,382282.108
7852090680,563180.145
5693501028,542233.004
5635100050,418739.786
7697000170,303002.488
5057100080,491206.746
5727500006,671748.505
1972201511,659931.504
1438000430,469538.35
1773100924,337747.566333333
982850080,396367.149
7628700050,839000.766
8673400020,587236.592
8725950170,968896.705333333
7203150080,674213.904
9521100029,682735.848
3630200430,739718.53
3448740430,417697.041
8822900122,312007.002
1438000170,549615.9
7853360480,515531.71
8562780280,333476.134
2154970020,2017184.102
5100400244,396367.057
3744000130,522580.552
2924079034,452882.724
5379803372,484279.553
1438000130,518636.829
1853080130,889099.328
741500010,255492.151
5649600462,349846.475666667
3753000010,401182.418
6169901185,1929378.804
1773600264,830270.106
7853321110,436783.09
1438000120,523705.033
6372000297,555375.88
2895800750,278459.93
7694200090,339521.777633333
3299710110,845047.304
5045700330,444720.309
9521100214,507036.778
5693501102,598899.196
8924100308,1207164.311
2838000180,639143.928
2725079018,773301.551
2461900448,495456.338
8562790720,732403.393333334
6431000749,377028.903
7787920230,524126.8
3224059107,770047.702
2895800590,381514.107
847100047,576477.444
1853080150,892223.079
4233600150,996625.212
148000072,633630.362
3304030220,413875.349
9521100867,494501.348
1702901618,311088.081
8964800330,2270510
5637500082,336411.066
715010530,1314725.4
9211010300,540299.868
3277800823,365459.688666667
476000017,481287.426
3438501329,333234.596
2122059216,496880.95
6021503705,344719.4
8562790760,795462.048
9253900271,2675105
7853420110,610120.946
3052700432,505588.217
952006823,374734.45
4140940150,409409.666
1931300412,470198.646
5087900040,354642.309
7202300110,848079.046
9834201367,438642.026
291310100,412091.681
